UUID,Title,"First Name","Last Name","Street Address",Barangay,Municipality,Province,Country,"Phone Number","Mobile Number","Company Name","Company Website","Job Title","Favorite Color",Birthdate,"Email Address",Password
c293b7bb-9038-3dda-a0b8-07e8a0b0433e,Mr.,Sheila,Keebler,"88 Marvin Station Suite 052",Poblacion,Batad,Pampanga,Philippines,367-898-782,"+63 (998) 732-7256",Welch-Treutel,https://doyle.org/eos-est-asperiores-sint-sit-nihil-officia.html,"Service Station Attendant",maroon,2002-07-06,kherzog@bartoletti.net,O$hO_=3V<%1!d~SzBh5
45032ccc-36c8-3364-bc87-7ea3e637a239,Prof.,Federico,Zieme,"57A/89 Gusikowski Mountains Apt. 608",Poblacion,Maddela,Cagayan,Philippines,540-163-636,"(0999) 117-7666","Hane, Wisozk and Treutel",http://www.brown.com/ab-soluta-architecto-hic-suscipit-doloremque-rerum-architecto.html,"Plate Finisher",purple,2007-05-17,gbauch@kautzer.com,284!Sx
bd2b76b8-b856-3634-a590-2694d3325468,Mr.,Norene,Brown,"37A/44 Mills Orchard Apt. 409",Poblacion,Dasol,Cebu,Philippines,602-208-358,"+63 (926) 683-0920","Jones, Brekke and Hahn",https://heathcote.com/magni-temporibus-nostrum-quam-praesentium-et.html,"Audio-Visual Collections Specialist",aqua,1989-03-08,crooks.kristian@yahoo.com,r7V.#y+e9
bf5c25c3-a45d-3636-ae02-f251a8cf8e6d,Ms.,Elvera,Kunde,"70A/40 Boyle Center Suite 105",Poblacion,Ma-ayon,Catanduanes,Philippines,521-138-959,"+63 (999) 120-1826","Bayer Ltd",https://kessler.com/aut-consequuntur-dolorem-deserunt-error-voluptatem-et-incidunt.html,"Machine Tool Operator",teal,1990-05-17,nohara@hotmail.com,2>.QCg'%gM$=N'
39211c69-20ed-305a-b421-2d10507d5265,Mr.,Hulda,Luettgen,"38 Schaefer Points",Poblacion,Paoay,Marinduque,Philippines,755-148-745,"+63 (915) 237-3638",Marvin-Boyer,http://www.ratke.com/non-numquam-vitae-nihil-sint.html,Statistician,maroon,1988-02-16,ofelia.jast@cremin.info,1{Kh=e-z
11ab73f2-5ef8-3ff9-aa03-f1900e687b5f,Dr.,Kenneth,Johnston,"69 Deckow Park Apt. 120",Poblacion,"General Mariano Alvarez","Lanao del Sur",Philippines,949-926-962,"+63 (932) 093-3576","Kunze, Schinner and Herman",http://www.eichmann.com/in-et-corporis-facilis-eos,"Financial Specialist",lime,1997-12-18,ustamm@krajcik.com,mqrc${
6efa9be4-898a-369c-82ab-d44e8e0d2afe,Mrs.,Marcelo,Yundt,"54A/76 Aufderhar Mountain Apt. 427",Poblacion,"San Jose","Mountain Province",Philippines,050-360-788,"+63 (927) 539-7335","Ratke, Hintz and Dare",http://www.padberg.com/dolor-adipisci-praesentium-possimus-aut,"Gas Appliance Repairer",green,1977-01-26,dcrooks@labadie.biz,.v=:XdKflP
7c2b8b7c-0569-33b5-b813-841d824e7522,Dr.,Mauricio,Green,"99A/31 Steuber Field Suite 973",Poblacion,Getafe,Samar,Philippines,481-996-222,"+63 (935) 127-4527","Jacobs Group",https://www.adams.org/expedita-voluptatem-est-a-excepturi-quae,"Environmental Compliance Inspector",white,1988-02-02,lindsey.rice@carter.com,"nLK9/9Lx-|cP(l""JCFl"
db512693-e7d8-3bb5-a7f0-c5b35f08b318,Ms.,Ruthe,Gutmann,"87A/60 Block Pines",Poblacion,"President Carlos P. Garcia","Nueva Ecija",Philippines,455-200-936,"+63 (915) 701-9764","Harris, Hahn and Koepp",https://www.schneider.net/molestiae-culpa-aperiam-ut-magnam,Chiropractor,teal,2014-07-22,raynor.ara@hotmail.com,?!yyiQoPr?
99deec7c-a5f4-38c5-a9ac-521c8f942438,Mrs.,Domenica,Lockman,"56/25 Greenholt Wells",Poblacion,"San Nicolas",Samar,Philippines,711-129-276,"+63 (947) 128-3368",Powlowski-Simonis,http://rice.biz/quo-voluptatem-autem-harum,"Hairdresser OR Cosmetologist",fuchsia,1988-02-09,hilpert.amaya@waelchi.net,">9(cUk\k!<N"
fafc1d39-9795-3d93-8880-8fe54db2507c,Miss,Reece,Torp,"61A Ferry Lodge",Poblacion,Midsayap,"Davao del Norte",Philippines,790-964-678,"(0942) 613-5686","Braun, Cruickshank and Lesch",http://www.pfeffer.com/,Sheriff,silver,1978-05-31,collier.vickie@yahoo.com,C-2&]WsxmKnMDnX{
2ab690d8-a90d-3cb1-a6f4-1b9bd4f09051,Dr.,Keenan,Ferry,"50A/72 Treutel Ridge Suite 366",Poblacion,"La Paz",Sulu,Philippines,439-515-940,"(0908) 456-2446","Pollich, Waelchi and Cruickshank",http://www.hahn.com/,"Legal Secretary",teal,2013-05-17,ilene.bernier@hagenes.info,"lF=p/\L?"
3df7d30c-bf80-30d2-a1b4-82be8423d98d,Prof.,Caleb,Stanton,"25/44 West Route Apt. 974",Poblacion,Mayoyao,Aurora,Philippines,817-629-185,"(0923) 014-8110",Kovacek-Schimmel,http://www.hessel.com/reprehenderit-tenetur-accusamus-incidunt-voluptatem-modi-quo-quia.html,"Kindergarten Teacher",teal,1998-08-05,efranecki@leffler.com,"q0Jbqa-lVO.,Q<g@'&|3"
636a0e55-2303-3158-96db-a2709a363988,Mr.,Noelia,Aufderhar,"09A/94 Stark Pines Apt. 354",Poblacion,Bulalacao,Cagayan,Philippines,232-821-935,"(0813) 983-3463","Borer, VonRueden and Walter",http://www.volkman.com/ea-hic-ad-sequi-ipsa-sed-et-officia.html,"Physical Therapist Assistant",blue,1976-11-04,ryann12@yahoo.com,(Ax+8z/Z4AU|>9
a08dd4cb-93b8-3729-b373-5c36811066d5,Mr.,Duncan,Collier,"02A Larson Bridge",Poblacion,Dumangas,Pampanga,Philippines,159-839-995,"+63 (920) 149-6870",Spinka-Hudson,http://dare.com/,"Marking Machine Operator",maroon,2005-05-24,danial.crooks@zulauf.com,?x0e}RGH
f487e515-ff23-3958-b766-60963fb242b2,Prof.,Eleanora,Mraz,"63A Schimmel Junctions Apt. 412",Poblacion,Veruela,"Zamboanga del Sur",Philippines,288-751-645,"(0996) 947-7841",Blick-Langworth,http://harber.net/soluta-et-quas-unde-maiores,"Animal Breeder",aqua,1998-11-29,qstroman@damore.biz,?r;/Rq.Efa?wsP{VKd*
a714fe72-62ab-33da-b8bb-e37e8da658a3,Mrs.,Camille,Keebler,"15A Beahan Cove",Poblacion,Lutayan,"Eastern Samar",Philippines,622-538-966,"(0942) 605-6794","Raynor Inc",https://www.kautzer.com/nulla-corrupti-libero-eaque-modi-officiis-eligendi-qui,"GED Teacher",lime,2005-10-23,itzel.schoen@hotmail.com,;Bl+2M7KuZC%
741def7e-04b5-35e9-bbe0-b92091be84fe,Prof.,Emelie,Hoppe,"92A/72 Johnson Camp",Poblacion,Apalit,"Zamboanga del Sur",Philippines,134-476-322,"(0908) 047-3388","Volkman, Bernhard and Rippin",http://hill.com/autem-dignissimos-impedit-error-laboriosam-sint-provident-voluptate,"Computer Repairer",silver,1984-08-19,alfred23@yahoo.com,'`}d6^vUj|gh;y[
b7e77c6e-282c-3248-9ac2-53194a1c2a95,Prof.,Gracie,Balistreri,"86 King Summit",Poblacion,Pototan,Catanduanes,Philippines,901-386-371,"(0905) 401-4839",Nikolaus-Quitzon,http://www.dooley.biz/tempore-eius-sed-in-expedita-quibusdam-dolores,"Vending Machine Servicer",gray,1987-04-15,dibbert.christop@cole.com,"/Z1]3\y7zx""}RN;h"
c4fba20f-fc5b-32d0-864b-cf269749fd5c,Dr.,Letitia,Bednar,"66A/69 Borer Locks",Poblacion,Balangiga,"Metro Manila",Philippines,958-588-110,"(0817) 540-4469",Harris-Bauch,https://cormier.com/atque-architecto-omnis-perspiciatis-dolorum-aperiam.html,Announcer,maroon,2008-03-13,cronin.douglas@yahoo.com,"E?q7e|Ef@f3@,H<0E"
664ee7a6-0440-3043-b549-8fe1f50f6a03,Dr.,Kaleb,Greenfelder,"51A/64 Champlin Locks",Poblacion,Gubat,Siquijor,Philippines,072-172-122,"(0980) 805-6229","Vandervort Ltd",http://www.kuhn.net/qui-dolorem-maxime-porro-dignissimos,"Airline Pilot OR Copilot OR Flight Engineer",blue,1994-12-21,mturcotte@sporer.com,}Y9_3_K#:bl6EqL
00ad16e9-3f5a-3833-bd1e-6c1ebb60ad75,Mr.,Carrie,Beier,"11A/31 Gerhold Turnpike Apt. 082",Poblacion,"Guihulngan City","Nueva Vizcaya",Philippines,256-445-610,"(0947) 533-5190","Bins LLC",http://keebler.com/,Engineering,yellow,2018-01-04,taurean.hane@hotmail.com,yVwtMF0&KslMPT~vS>^
09f616c7-213e-37f6-aa93-be0d7d190aa6,Mr.,Velva,Walter,"99/74 Hyatt Rapid Apt. 271",Poblacion,Panukulan,Ifugao,Philippines,461-647-108,"+63 (925) 796-0080",Hand-Lemke,http://hamill.info/,"Animal Control Worker",purple,1976-06-15,alivia10@hotmail.com,=Z=pt>
c3fa2c5b-9ae5-374a-9966-9ac5d97ad6b0,Prof.,Ashtyn,Hayes,"54 Tillman Terrace",Poblacion,"San Francisco",Kalinga,Philippines,066-675-573,"+63 (927) 746-6328","Grady, Ratke and Altenwerth",http://www.ratke.com/accusantium-pariatur-nobis-et-non,Home,black,1988-12-26,veronica.christiansen@halvorson.net,_|X6GMcT5!+Ui
a33cbab2-b541-3aaf-8794-639684d33811,Prof.,Laurine,Koepp,"66A/72 Witting Knoll",Poblacion,Simunul,Cebu,Philippines,853-714-855,"+63 (912) 077-5945",Corkery-Maggio,http://lesch.com/ducimus-qui-molestiae-vero-aut-ad,"Ticket Agent",green,1992-05-16,delores60@hotmail.com,)kP2Oq}Pyvk
297b78f5-e419-302a-b459-87ea65d46367,Prof.,Angeline,Waelchi,"29A Adams Station Apt. 490",Poblacion,"San Jose",Aurora,Philippines,028-064-424,"(0937) 903-0149",Cruickshank-Larson,http://www.walsh.info/est-exercitationem-accusantium-illum-sit-voluptate-in.html,"Medical Sales Representative",olive,2011-08-30,hermiston.ashtyn@hotmail.com,1{;7'h7Psl-T/P`=X!N
d036a5e0-65cc-381f-9edd-af6b15e56d3a,Ms.,Assunta,Upton,"42A Stanton Inlet",Poblacion,Unisan,Tawi-Tawi,Philippines,146-133-572,"+63 (929) 200-0362","McGlynn, Russel and Hill",http://lowe.biz/,Taper,silver,1995-08-03,haskell.kub@bauch.com,gy:~oLXU
4499fa1e-3987-3145-b53a-4c24050b0a81,Dr.,Taylor,Lockman,"72A Haag Shoals Suite 590",Poblacion,Palanas,"Lanao del Norte",Philippines,047-456-201,"+63 (908) 643-5929","Murphy, Konopelski and Koss",http://hackett.net/earum-possimus-inventore-qui-dolorum-et.html,"Corporate Trainer",white,1973-04-21,deon.rosenbaum@mante.com,ZNWuzeyCP}(B~a2Q
ca42982e-0545-37e8-9021-6b0f626de598,Mr.,Mariane,Cummings,"67/57 Pfannerstill Neck Suite 243",Poblacion,Pinabacdao,Iloilo,Philippines,503-026-457,"+63 (978) 135-0373",Kovacek-Reynolds,http://murray.com/,University,fuchsia,1973-03-26,sigurd.west@bauch.com,Pg*7-k[uoF(U_!C
c576f8df-a7ad-3a3b-88f7-198aad90a99a,Mr.,Mafalda,Thompson,"26A Quitzon Estate Apt. 038",Poblacion,Carrascal,"Ilocos Sur",Philippines,550-973-236,"+63 (919) 720-2898",Morissette-Nikolaus,https://www.boehm.info/omnis-quo-sed-consequuntur,"Postal Service Clerk",fuchsia,2001-01-15,krystina.hackett@yahoo.com,H*4YBp%?s
91363428-332f-326b-a5c6-c975316e52d9,Prof.,Verlie,Macejkovic,"14A Lakin Vista",Poblacion,Veruela,Isabela,Philippines,262-335-710,"+63 (939) 596-7807",Eichmann-Macejkovic,http://www.crooks.biz/labore-natus-illum-quas-commodi-ut.html,"Boat Builder and Shipwright",purple,2008-11-08,willms.francisco@hotmail.com,"$9+Hv*hdJQvH`X""+"
7edda3f8-f252-347d-9edc-e2c611cd79c3,Dr.,Olga,Dicki,"14 Mills Glen Apt. 926",Poblacion,Sampaloc,"Agusan del Norte",Philippines,791-373-109,"+63 (915) 816-4071","Howe Ltd",https://beahan.com/laboriosam-vel-nemo-et-nisi-dicta.html,"License Clerk",yellow,1981-12-17,treutel.graciela@gmail.com,`q_?>'=MvHGo7#:cF
b24cf548-455a-3c4f-b1ff-2d79713cb7f9,Prof.,Vallie,Conroy,"57/10 Schulist Glens",Poblacion,Bumbaran,Albay,Philippines,359-523-035,"(0939) 568-7836","Cronin, Torp and Hudson",http://mante.org/provident-labore-voluptatem-cupiditate-unde-quisquam-eveniet-aut-quod,Electrician,navy,2010-07-15,ehand@hotmail.com,l)=i/mCG6.e
ba338d4b-904e-3471-a10d-a53ceec29067,Mrs.,Boyd,Fadel,"99A/44 Nienow Creek",Poblacion,Sumilao,Tawi-Tawi,Philippines,950-742-680,"(0998) 557-7245","Gulgowski, Kuvalis and Schimmel",http://auer.com/,"Storage Manager OR Distribution Manager",gray,1994-05-17,kelsie86@corkery.com,Zi72AhnDk9'@d2m;t
23d907b4-917d-32d9-871e-9ebfe6c000fa,Prof.,Abner,McClure,"69/97 Reynolds Tunnel Suite 436",Poblacion,Naguilian,Leyte,Philippines,632-864-138,"(0937) 411-7969",Jaskolski-Sipes,http://kling.org/,Surgeon,maroon,1984-03-06,dashawn17@fay.com,"<B\H/VK"
b5365c9f-191c-345a-9adc-ef81899ba6eb,Dr.,Abagail,Jacobi,"58 Stehr Lodge",Poblacion,Villaverde,Guimaras,Philippines,598-924-368,"+63 (977) 314-1146",Hettinger-Bergnaum,http://www.hegmann.com/,"Telephone Operator",yellow,2017-02-18,michaela.dietrich@gmail.com,"^n,20vQ&M"
9d81b5b4-9aaa-3a75-8082-de64f5603ed3,Prof.,Therese,Mayert,"69A Lehner Hill",Poblacion,Carmen,Sulu,Philippines,080-486-110,"+63 (936) 047-7535",Eichmann-Turner,http://www.moore.net/exercitationem-est-enim-libero-consectetur-sit-aut-est,"Cutting Machine Operator",teal,2014-01-06,rwilkinson@collins.com,"d""'a/Su~BH=6`4R(ETLM"
850a1328-39b4-397b-8e09-f9dc9767c481,Mr.,Mekhi,Kuphal,"05A/77 Herman Groves",Poblacion,Omar,"Zamboanga del Sur",Philippines,104-448-199,"(0942) 705-8741","Langworth and Sons",http://emard.com/occaecati-quo-occaecati-qui-iste.html,"Bulldozer Operator",fuchsia,1994-06-18,kurt84@hotmail.com,4K!X[NYM
9ad7978b-71ed-3a52-b79b-ee1e26350ca2,Prof.,Brook,Grady,"30/98 Smitham Harbors Apt. 232",Poblacion,"Tanjay City",Rizal,Philippines,328-168-091,"(0916) 751-9388","Klein, Crist and Windler",http://kub.com/,"Clinical Psychologist",teal,1974-12-17,grant.pete@gmail.com,hX#VrI_VgM
03d34d5e-4872-332e-bfef-e1e3fe12e9e4,Dr.,Marilou,Wisoky,"93A/82 Hand Loaf Suite 427",Poblacion,Concepcion,Antique,Philippines,838-178-667,"(0974) 882-5189","Yundt, Kuvalis and Bauch",http://www.kshlerin.info/officia-ut-esse-eligendi-sequi-vero-perspiciatis-enim-enim,"Visual Designer",lime,2009-11-21,wmurazik@hotmail.com,Uw7C_u:n>RXwQ{y^Aj
43d57810-e12d-3a26-8bd5-cc39ab3bdc27,Dr.,Everette,Smitham,"61/63 Boehm Forks Suite 711",Poblacion,Bangui,"Northern Samar",Philippines,815-090-661,"+63 (900) 213-5859","Reichert Inc",http://pagac.org/voluptas-tempore-repudiandae-quo-doloribus,"Technical Writer",navy,1972-04-15,ofritsch@kutch.com,drd&9SEDv
92ad7ace-8e66-31a7-ad51-33b01b9991a0,Miss,Clarabelle,Dickens,"88A/17 Mante Mews Suite 791",Poblacion,Dumalinao,"Davao Oriental",Philippines,544-920-730,"+63 (936) 784-5808",Stark-Price,http://www.jones.net/quia-deleniti-voluptas-aperiam-nemo,Cartoonist,fuchsia,2022-03-20,kutch.bud@mills.net,"W5ht&5Na,"
f0682d78-e0a9-3ee4-95b7-557092391697,Prof.,Tyra,O'Conner,"04A/98 Price Trail",Poblacion,Bongao,Maguindanao,Philippines,706-916-658,"+63 (925) 877-0195","Wolf and Sons",http://www.beier.info/,"Industrial-Organizational Psychologist",silver,1982-04-23,wilfredo07@gmail.com,'C#C5;i&Fu60/G@o-#
495c0b7b-50a6-378f-b428-c30497786467,Mrs.,Jensen,Jaskolski,"21 Bins Lake Apt. 873",Poblacion,Alcala,"Misamis Occidental",Philippines,099-843-065,"+63 (923) 194-7816","Little, Stoltenberg and Crooks",http://www.harvey.com/doloribus-dolore-rerum-numquam,"Motorboat Mechanic",olive,2003-01-03,liza.willms@hotmail.com,"5Is\ekgp_nFq"
8dbedc62-db61-3aa9-b123-ae97fdecca71,Dr.,Ewald,Mayert,"82 Jaskolski Mountains Suite 341",Poblacion,Bacolor,Siquijor,Philippines,186-495-719,"(0920) 199-0288",Prosacco-Cummerata,http://kirlin.net/et-quis-voluptatem-commodi-consectetur,"Fashion Designer",blue,1998-12-23,ola70@murray.net,y*#>s7l/VL
bffe9e46-99e4-3cef-b59a-27f9911be5f5,Dr.,Kristoffer,Pfannerstill,"30 Schultz Cliffs",Poblacion,Salug,"Occidental Mindoro",Philippines,836-524-917,"+63 (975) 770-6524",Friesen-Boyer,http://schowalter.biz/molestias-perspiciatis-architecto-ipsam-corporis-aut,CEO,aqua,2024-01-29,schumm.raegan@ondricka.info,EV{pwLH^
6437b05c-c36f-3f14-bfd0-ea8ff1291f68,Prof.,Effie,Kohler,"27A Schumm Island",Poblacion,Inopacan,"La Union",Philippines,968-760-866,"(0925) 877-4472",Rice-Hilpert,http://www.marks.com/,"Nursing Aide",aqua,2023-04-17,declan.schmitt@sawayn.com,PMiarK1|>_bR=`d=*
089903b8-b38e-3fa0-b8a6-46f509ca410e,Miss,Keira,Medhurst,"40A/49 Kulas Summit Apt. 861",Poblacion,Boliney,Pampanga,Philippines,434-679-183,"(0920) 984-7758","Heathcote, Christiansen and Quigley",http://www.hoppe.info/cupiditate-repudiandae-similique-molestiae-veritatis,"Animal Scientist",black,1993-01-08,gloria.robel@gmail.com,"jC/KYz7""KB!;/`%r&GY"
b66ef11d-0669-340b-b98a-fc944355d976,Ms.,Wyman,Deckow,"85A Weissnat Junctions",Poblacion,Rapu-Rapu,Basilan,Philippines,646-565-151,"(0971) 760-8986",Schmitt-Langosh,http://www.conn.info/iure-et-quaerat-odit-quas-velit,"Electromechanical Equipment Assembler",black,1981-05-31,greenfelder.josiah@johnson.net,q`o4ch)n^Y9k:=j&c
5e3ec1b0-f824-32aa-857e-830510002118,Ms.,Evelyn,Franecki,"72 Franecki Manor Apt. 223",Poblacion,Roxas,"Misamis Oriental",Philippines,733-819-341,"(0928) 319-8486","Bahringer PLC",https://ohara.com/est-optio-omnis-quia-explicabo-ipsa.html,"Dental Laboratory Technician",white,2014-08-07,norma.lindgren@yahoo.com,"A8M*C-~oQkD1,kV!e75f"
be7ebb22-e86a-3d91-9f0e-b0ffd697b609,Dr.,Waylon,Kemmer,"12 Hills Extensions Suite 496",Poblacion,"Palayan City","Nueva Vizcaya",Philippines,269-945-037,"(0948) 217-1138","Feeney PLC",http://www.ebert.com/,"Anthropologist OR Archeologist",navy,2006-05-29,salma48@hotmail.com,"Iz([UR,2~F,i,h):"
3f7c7710-e32d-3aec-be65-5884c1373c1c,Dr.,Emiliano,Crist,"98 Doyle Vista",Poblacion,Mulanay,Antique,Philippines,886-921-144,"+63 (946) 427-0231","Sporer, Frami and Kuvalis",http://dare.com/,"Reservation Agent OR Transportation Ticket Agent",fuchsia,1984-02-14,larry42@gmail.com,"+R',U\A}<."
a68ca2f0-a44f-3bc0-ad86-bee4cc83f25f,Dr.,Owen,Kilback,"47A Littel Flats Suite 713",Poblacion,Santiago,Cagayan,Philippines,474-979-389,"(0932) 894-9581",VonRueden-Mante,http://www.steuber.com/quibusdam-debitis-neque-occaecati,Detective,navy,1986-05-08,lesch.katlynn@walker.com,o-HYZU>-@KO:$
72016b5a-211d-32b8-966f-1b95170fa115,Miss,Gretchen,Kutch,"30/95 Lindgren Drives",Poblacion,"Ozamiz City",Cotabato,Philippines,310-171-590,"(0929) 641-2475","Greenfelder, Deckow and Hermiston",http://anderson.com/et-et-qui-maiores-quasi-eum,"Food Servers",teal,2020-10-04,oconn@gmail.com,"qcwG#,'x]ZtKA%A|p"
94accc9d-4ffb-304f-82bd-bf2b32d0d073,Prof.,Myah,Abernathy,"59A/51 Blick Ridges",Poblacion,Rapu-Rapu,Bukidnon,Philippines,827-649-953,"(0943) 325-1603","Bergnaum, Schimmel and Wilkinson",http://www.lindgren.com/qui-alias-velit-est-et,"Ticket Agent",aqua,1991-12-12,ricardo56@gmail.com,"1,8H9</n"
edb8de43-4215-3a53-b180-e8763e6ed97a,Mr.,Keshawn,Reinger,"38 Baumbach Mountains",Poblacion,Itbayat,Cotabato,Philippines,702-164-157,"+63 (926) 573-0298",Auer-Zboncak,https://runolfsson.com/dolore-et-fugit-similique-et.html,Council,purple,1970-11-01,mkris@shields.net,"Bt!Wy""6"
b91f30e4-63de-3da7-ba57-6c873395b291,Dr.,Berniece,Ward,"19A Kohler Tunnel Suite 735",Poblacion,"La Libertad",Albay,Philippines,607-566-403,"(0932) 901-4777","White, Parisian and Corkery",http://www.okeefe.com/vel-voluptas-unde-tempore-porro.html,Engineer,teal,2012-05-25,rbartell@gmail.com,"6Fjlle\rM/POrF"
49a91c13-d33c-3936-820a-81351748519d,Ms.,Ciara,Hartmann,"78/42 Baumbach Ferry",Poblacion,Cauayan,"Zamboanga Sibugay",Philippines,114-808-652,"+63 (927) 218-6620","Klocko Group",https://gislason.com/dolorem-amet-facere-ipsum-quas.html,"Interior Designer",aqua,2012-02-27,chauncey.boehm@wolff.net,?JcR_x(%
bb941c8f-ef01-3eac-8cdd-a275d3dbfd77,Dr.,Juliana,Mayert,"31A/53 Jacobs Ranch",Poblacion,Mandaluyong,Romblon,Philippines,677-140-303,"(0996) 420-3912",Wintheiser-Rutherford,http://www.olson.biz/quas-optio-similique-distinctio-error-vel.html,"Telecommunications Equipment Installer",green,1990-06-09,grover46@hotmail.com,96_Nr<DW8i+lTOgjC
f7f9464a-3ac8-3495-ac2f-a2c2712e4066,Mr.,Heber,Murray,"16A Ortiz Trail",Poblacion,Impasug-ong,Kalinga,Philippines,214-917-323,"+63 (916) 854-6787","Bailey, White and Little",http://satterfield.com/magni-tempore-quis-sequi-sit,Podiatrist,aqua,1980-12-06,cprohaska@hotmail.com,.4fcO|ulHdJ{
b7d9d58f-8705-36a6-9505-de6a522a266e,Dr.,Cory,Hodkiewicz,"00A/85 Rohan Island Apt. 267",Poblacion,Asuncion,"Davao del Sur",Philippines,539-694-965,"(0923) 709-7451",Ritchie-Paucek,http://parisian.com/beatae-rem-omnis-enim-est,"Home Health Aide",gray,2000-09-23,turcotte.vince@cummerata.com,_;I}37RxD/{l|~0ni
4d015177-d2a6-3fdc-b894-d9e96a707b46,Prof.,Rossie,Hettinger,"81 Mosciski Squares Apt. 705",Poblacion,Laoang,Leyte,Philippines,781-459-203,"+63 (975) 412-8943",Miller-Mills,http://www.haley.com/,"Broadcast News Analyst",lime,1973-03-29,hryan@terry.com,/t#2RiH
eca5c2b8-d961-379c-af17-0ab36fae84e0,Mrs.,Bessie,Schmidt,"12A Runte Crescent",Poblacion,Magsaysay,Batangas,Philippines,681-947-201,"(0930) 421-8603",Heidenreich-Shields,http://lesch.info/quis-ut-sed-natus-sed-molestias-quaerat,"Real Estate Broker",maroon,2006-10-10,okshlerin@yahoo.com,[?iVpI
7fc19531-d812-31b5-b2d0-1f70b281f463,Mrs.,Clifford,Walsh,"88A Haley Viaduct",Poblacion,Paracelis,Guimaras,Philippines,061-662-824,"+63 (916) 845-1614","Collier and Sons",http://mitchell.com/commodi-nihil-ut-magni-voluptates-aut-voluptatem-sit-quas,"Animal Care Workers",navy,2004-08-05,harris.lenore@hotmail.com,"0mpnzv.9|bB,g"
0360c33d-d20b-3d6d-9c84-8a7b28101d7e,Miss,Albin,Kunde,"30A/83 Kerluke Freeway",Poblacion,"Braulio E. Dujali","Davao del Norte",Philippines,186-562-580,"+63 (908) 665-3545","Sauer and Sons",http://runte.com/et-ut-voluptatem-molestias,"Crushing Grinding Machine Operator",aqua,2010-08-10,gorczany.eunice@veum.net,"d,DNvFy)vUJ}OJU4|LmE"
38e66a4c-2f53-3e74-a1ad-be484cd76b68,Dr.,Janie,Pfeffer,"71A/04 Mayert Street Apt. 605",Poblacion,"Mabalacat City",Sulu,Philippines,792-125-785,"(0915) 760-0384","Zemlak, Ritchie and Davis",https://hyatt.net/aut-laboriosam-et-consequatur.html,"Order Filler",fuchsia,2004-11-25,tyshawn18@leffler.biz,#&d?x~v})(r;b
1e1bf083-2ee3-3268-988a-49c7be984ed2,Prof.,Milo,Cremin,"77 Spencer Locks",Poblacion,Tipo-Tipo,Romblon,Philippines,266-256-567,"+63 (974) 758-3229","Rice Group",http://cremin.info/nostrum-corrupti-cumque-molestiae-consequuntur-pariatur-saepe.html,"Railroad Conductors",silver,1986-01-07,lori61@swift.org,"v,gw^V[tp_-i%idjik>P"
37f18442-a372-32be-876d-ebfcf59ea6a9,Mrs.,Demond,Stiedemann,"17A/34 Johnston Ville Suite 761",Poblacion,Quirino,Aklan,Philippines,492-937-783,"(0916) 135-8376","Stehr, Lynch and Brakus",http://rice.com/sit-inventore-sunt-maxime-qui,"Environmental Engineer",gray,2013-05-03,ckessler@gmail.com,"IVO,|zvqH+V]O[QFd"
a1da6075-a678-3822-a6fa-019d11a07584,Prof.,Ella,Schmidt,"13A/57 Ward Square Apt. 729",Poblacion,Isabel,"Negros Occidental",Philippines,059-211-179,"+63 (942) 234-6707","Quigley PLC",http://dubuque.com/sequi-quo-dolor-sed-at-ducimus.html,"Tour Guide",yellow,1979-12-03,hhickle@dooley.com,=)?B}7|IQ|!_
324558eb-f329-3ca0-a218-8516013b3cd7,Mr.,Corine,O'Kon,"97 Nolan Circles",Poblacion,Magsaysay,"South Cotabato",Philippines,018-989-556,"(0943) 820-9651","Dooley, McKenzie and Bode",https://marks.biz/vel-explicabo-nihil-dolores-ducimus.html,Patternmaker,purple,2011-12-14,ystroman@howe.org,)_zM]|8V>
71abfe3d-637e-34f2-8c3d-ffc7123cb692,Prof.,Rubye,O'Connell,"97A/13 Zieme Hill",Poblacion,Kibungan,"Ilocos Sur",Philippines,864-032-745,"(0907) 516-9791","Nader and Sons",http://www.schmeler.com/sed-quod-consectetur-id-ullam,"Legal Support Worker",yellow,2015-12-07,trever53@yahoo.com,"Olev0.zmXp.+},~V"
cc7630e7-8527-3d40-9ca6-492640ca91ff,Mr.,Tyrique,Bartoletti,"95 Volkman Viaduct Apt. 440",Poblacion,Calayan,"Southern Leyte",Philippines,491-934-046,"+63 (971) 458-5797","Gislason Inc",http://jenkins.com/eos-sapiente-eum-explicabo-architecto-ab-odit.html,"Economics Teacher",yellow,1991-04-07,allison.hackett@bogan.com,/b7pRpF{pYH8r>qNS
4220e609-d199-33ac-9a53-15030c94f0f8,Mr.,Tess,Hammes,"16 Medhurst Knolls Apt. 627",Poblacion,Matag-ob,"La Union",Philippines,377-615-679,"+63 (989) 873-6173","Wuckert PLC",http://www.lubowitz.com/,Economist,green,1982-07-03,evangeline.pollich@crist.com,"PL*4*C/w9""aQ';"
a5a764eb-cece-3cf4-ab69-21ad71282bd5,Prof.,Aidan,Homenick,"83A/66 Prosacco Turnpike",Poblacion,Dangcagan,"Metro Manila",Philippines,826-108-648,"(0931) 888-9477","Moen LLC",http://www.white.com/,"Custom Tailor",green,1995-09-27,funk.joanny@gmail.com,N-AD(1.
f0b7714b-ba84-3523-a04b-e22565d59aa4,Prof.,Hilma,Torphy,"04A/92 Marquardt Village",Poblacion,Besao,Laguna,Philippines,273-906-268,"+63 (934) 640-3177",Waelchi-Spencer,http://wintheiser.com/natus-ut-sint-possimus.html,"Ceiling Tile Installer",olive,2011-08-28,grayson.hickle@yahoo.com,"Ss!r(!&,*7R_g;)"
35d985f4-01f7-3318-90d6-b5bcefcc2121,Miss,Bailey,Schmidt,"51A/66 Ruecker Port",Poblacion,"Bien Unido","Compostela Valley",Philippines,721-637-091,"+63 (936) 302-9503","Hettinger and Sons",https://www.heaney.com/neque-omnis-voluptas-et-tenetur-quia,"Construction Laborer",gray,2005-06-11,loy.cronin@ernser.com,J-3rzo%
7f5bcaf6-7e93-3ffe-8327-02f5e4d5e4d9,Mr.,Maryam,Streich,"62A Rau Road Apt. 455",Poblacion,Maco,Siquijor,Philippines,908-171-348,"+63 (935) 199-5690","Rogahn and Sons",https://lueilwitz.com/enim-possimus-reiciendis-et-et.html,Pipefitter,blue,1982-05-17,walton.kunze@gmail.com,Nzm&Gi&4M%No
7d145252-06b9-3cf7-b682-583fa267c8e4,Mrs.,Teresa,Kutch,"76 Borer Oval Suite 960",Poblacion,Pandi,Cotabato,Philippines,296-887-891,"+63 (936) 779-6451","Schinner Group",https://www.paucek.biz/rerum-dolor-illo-consequatur-cupiditate-vel,Waitress,white,2023-05-14,marco81@reichert.com,"O=V&,NI!hTdR4`4i"
2edd0ef2-d3af-31e8-81f2-31fb2513c454,Dr.,Valentine,Satterfield,"57A/32 Hilpert Points Apt. 079",Poblacion,Kabuntalan,Abra,Philippines,390-233-859,"(0916) 562-1280","Jacobson, Sipes and Walker",http://www.padberg.com/nostrum-adipisci-aperiam-et.html,"Plumber OR Pipefitter OR Steamfitter",maroon,2021-04-12,sterling.welch@ondricka.com,OwXZ#IGCi#!$
bd7cb43a-c4f1-393f-b60f-8fe8d72db8e5,Dr.,Haylie,Bode,"56/16 Harber Circle Suite 173",Poblacion,"Santa Catalina",Quirino,Philippines,815-094-018,"+63 (905) 604-1307",Johnson-Jaskolski,https://www.oconnell.org/magni-vel-reiciendis-optio-soluta,"Pressing Machine Operator",teal,1996-02-23,meggie.doyle@hotmail.com,"^:VZA=i8YP2+t,8w/"
8f1d965c-5888-385b-87ea-793737d83c6f,Dr.,Norberto,Rosenbaum,"17/48 Ebert Spring",Poblacion,Godod,"Dinagat Islands",Philippines,118-735-669,"(0920) 579-8272",Crona-Hartmann,http://kozey.org/deleniti-odio-qui-sint-ipsa-cum-provident-sapiente-et.html,Clergy,navy,2003-05-15,kimberly86@langosh.info,"JAzv-""zM]a"
5c20822b-7664-30af-a478-a533b8ab78e8,Miss,Roselyn,Cremin,"35/17 Dibbert Field Suite 903",Poblacion,Mutia,Quezon,Philippines,326-986-157,"+63 (920) 713-5992",Hudson-Gorczany,http://nolan.com/,"Recyclable Material Collector",maroon,2005-12-15,lavina.kub@harvey.com,"\)ms\s\G+T-Q"""
ecfbdbba-73c4-34a5-8590-81d2caf2c9a7,Dr.,Jaylin,Rippin,"99/16 Runte Unions",Poblacion,Boliney,"Nueva Ecija",Philippines,608-704-051,"+63 (937) 867-8330","Runolfsson, Schowalter and Schaden",http://www.botsford.biz/laboriosam-et-tempore-fuga-quae-omnis.html,"Model Maker",blue,1979-05-24,zaltenwerth@wolff.biz,W9Tty~#w
9a102b3e-9298-3f1c-9ca9-393e4da04252,Ms.,Alaina,Paucek,"88/56 Goldner Roads",Poblacion,Narvacan,Rizal,Philippines,428-782-653,"+63 (934) 077-9695","Carter, Torp and Johnson",https://trantow.com/incidunt-quo-nostrum-dolorem-sapiente-fuga-hic.html,"Supervisor Correctional Officer",yellow,2005-11-01,deshawn25@hotmail.com,TBV'3vji_;Ua
8bc682c6-f34e-3a5e-9723-264519b7948a,Dr.,Henri,Donnelly,"42 Cruickshank Light",Poblacion,Salcedo,Quezon,Philippines,882-419-968,"+63 (947) 618-9429","Wiza, Beahan and Farrell",https://www.dach.com/doloribus-eius-dicta-cumque-sint,"Electrical Drafter",fuchsia,1985-12-14,cortney.koepp@yahoo.com,TEX%.OK|+5p!
a1acdde0-02c9-365a-9414-b0c11654112f,Ms.,Kathryne,Daugherty,"28A Shields Mill Suite 813",Poblacion,Trinidad,"Agusan del Norte",Philippines,256-711-698,"(0942) 067-5551","Goldner, Hammes and Hoeger",http://jerde.biz/nihil-numquam-voluptatem-pariatur-ratione-sint-quod-minima-neque,"Pantograph Engraver",black,1985-08-04,erobel@hotmail.com,"tapc{"",Np/"
cffc6abe-b908-3d3c-bfc9-38f94c9f4590,Mr.,Freddie,Gleichner,"27 Bins Expressway Suite 420",Poblacion,Salcedo,Siquijor,Philippines,794-839-334,"+63 (934) 033-6871","Green LLC",https://mcdermott.org/placeat-fugit-maiores-maxime-hic-doloremque-aut-earum.html,"Armored Assault Vehicle Officer",aqua,1984-02-01,juana.emard@yahoo.com,|6up4AQgH7l6uf?|EC/2
39de9ca2-58c4-3e1d-9297-d5f4060d6cb1,Prof.,Marina,Murazik,"75 Hayes Mission",Poblacion,Rosario,Masbate,Philippines,190-802-542,"(0915) 742-2538","Herzog, Pacocha and Hilpert",http://jerde.com/laborum-provident-aspernatur-et-laboriosam-voluptatem-qui,"Precision Aircraft Systems Assemblers",black,1978-05-25,oconner.stephon@gmail.com,_$0xUDq*0=
8a7336ed-7dd6-346b-89c5-1fb93097524d,Mr.,Estel,Marquardt,"44 Denesik Station",Poblacion,Calinog,Masbate,Philippines,408-792-555,"+63 (974) 246-8600",Marquardt-Kuhic,http://murray.com/ut-error-et-nulla-omnis-qui,"Movie Director oR Theatre Director",blue,1999-08-07,zfriesen@gmail.com,}9E8q(
d8eb6a76-0e8a-3f4f-9f11-04eca86371eb,Mr.,Hollie,Marvin,"52A/71 Quigley Land",Poblacion,"Delfin Albano",Laguna,Philippines,161-129-590,"+63 (932) 760-5811",Luettgen-Keebler,http://konopelski.info/perspiciatis-et-est-quisquam-reiciendis-alias.html,"Soil Conservationist",blue,2005-04-25,cameron.cartwright@hotmail.com,"iY.Se82b2[I,MX*)=K"
e324abba-e7f7-3ded-bd48-684c333882d5,Miss,Mckayla,Rohan,"84A/95 Eichmann Bypass",Poblacion,Balangiga,"Ilocos Norte",Philippines,754-892-189,"+63 (921) 785-1306",Dare-Rolfson,http://kohler.com/velit-corrupti-sint-illo-sunt-voluptatum-est-ea.html,Solderer,lime,1991-07-15,beer.morgan@hotmail.com,"H~F4""_mi6P^[u-FQGi"
2aa51af1-9f14-3845-abc4-c0b55ff6b3ee,Dr.,Eveline,Kris,"65/99 Casper Mountain",Poblacion,Nabunturan,Biliran,Philippines,036-933-974,"(0977) 568-2470",Veum-Kulas,http://bode.net/,"Eligibility Interviewer",purple,1998-01-10,swaniawski.scot@bins.org,&s-7E)+.zAo#D
da299c8d-d375-397a-a39e-cd262a775cc2,Mrs.,August,Russel,"17/72 Quigley Burg",Poblacion,"San Jose De Buan","Dinagat Islands",Philippines,926-089-339,"+63 (905) 601-3590","Aufderhar, Kuhlman and Schroeder",http://gleichner.com/et-porro-hic-aut,"Operations Research Analyst",fuchsia,2010-11-08,darrell.sipes@yahoo.com,44!F4=Wb<62>kJB
53395f81-c948-37ca-83cf-afd825d2099f,Mrs.,Claude,Feeney,"32/78 Wolf Estate Suite 755",Poblacion,Baungon,Batanes,Philippines,888-500-754,"(0977) 234-5169","Orn Ltd",https://abshire.com/culpa-est-doloribus-placeat-aut-dicta-debitis.html,Librarian,yellow,1991-09-23,blehner@yahoo.com,I%'urz(Qb>{2a
4b8adc13-de70-396a-b14a-3008ab735296,Ms.,Jazlyn,Moore,"12A Kling Stravenue",Poblacion,"San Nicolas","Misamis Occidental",Philippines,038-228-404,"(0996) 059-7087","McGlynn and Sons",http://www.davis.com/molestiae-sunt-veniam-sint-repellendus,Typesetter,lime,2020-01-01,donnelly.lacey@schmitt.com,@=&|K2_U|/nK@ZREe
eb77dbe0-351d-361e-a4e5-9e59a69f4fee,Prof.,Roslyn,Bogisich,"64 Grant Row Apt. 781",Poblacion,"Toledo City","Nueva Ecija",Philippines,528-988-560,"+63 (910) 571-9690",Johnson-Luettgen,https://www.renner.net/repellat-aut-quis-dolor-aperiam,"Shipping and Receiving Clerk",fuchsia,1980-08-23,qmurazik@balistreri.com,6qjQOFz#&+Bkl{
1ce6f05e-8d74-36fc-ab88-6edad2f26dc2,Mr.,Andres,Borer,"16 Torp Junctions",Poblacion,Mendez,Antique,Philippines,580-005-999,"+63 (936) 756-2956","Schaden Ltd",http://www.mayer.com/ipsum-dolorum-quo-maiores-soluta,"Horticultural Worker",navy,1978-10-13,uryan@wolff.org,PWjhP*Q
f196fa59-fbc4-33f2-98d7-f9877c61bd75,Prof.,Celestino,Ratke,"97/42 Maggio Orchard Apt. 955",Poblacion,"San Lorenzo",Bataan,Philippines,092-375-735,"(0994) 976-5933",Dare-Stokes,http://www.willms.com/dolorem-quia-ut-qui-qui-animi,"Electro-Mechanical Technician",teal,2021-09-02,prohaska.aniyah@hotmail.com,EP*M/5_D3zLF0
2a404458-9958-37e4-bb85-b38793e7b11a,Prof.,Marquise,Kuphal,"74 Swaniawski Mountain Suite 719",Poblacion,Alabel,Pampanga,Philippines,972-261-959,"+63 (989) 970-4202","Kozey, Waelchi and Wintheiser",http://beer.info/,"Bill and Account Collector",black,1975-08-16,srodriguez@gmail.com,LIk}D7gjLm-
c3ccb656-2df3-3f03-876a-fd716e663197,Dr.,Pearlie,Macejkovic,"54/28 Marquardt Groves",Poblacion,Mahayag,"Camarines Norte",Philippines,259-163-012,"(0928) 998-2436","Fay Ltd",http://moore.com/nihil-blanditiis-ducimus-sunt-aspernatur-aut,Infantry,blue,1972-07-14,kdamore@yahoo.com,I6G-[$W
e085e5c9-c7e5-3cb1-b550-b5ea9194517d,Miss,Baron,Cassin,"23/70 Torp Glen",Poblacion,Bucloc,Maguindanao,Philippines,034-132-282,"(0912) 149-3087","Crooks PLC",http://jaskolski.com/,"Underground Mining",purple,1992-07-20,twilderman@gmail.com,Am0<(T-rZ
e32d0dba-35d2-3cb6-8852-13935cd204fb,Prof.,Vaughn,Koch,"69A Kemmer Burgs Apt. 086",Poblacion,Lakewood,Leyte,Philippines,598-898-044,"(0997) 149-2026","Lang PLC",http://ullrich.info/impedit-ut-ullam-voluptas-officiis-alias.html,"Molding and Casting Worker",navy,1971-12-23,tziemann@kemmer.org,"\r'WR`(Pwf+f~Ol<|Rx6"
2a7cc4c8-8b52-340a-8683-d2864cdc2238,Prof.,Ofelia,Johnson,"10A Durgan Square",Poblacion,Kapangan,Ifugao,Philippines,081-216-590,"(0909) 567-8944","Howe, Stanton and Swaniawski",http://www.smitham.com/sint-consequatur-odio-architecto-molestiae-doloremque.html,"Business Development Manager",teal,2009-10-02,carter.kamille@murphy.com,"Gqz>U)>h\x-%?N$#"
c7c95c28-2d1c-32fd-be58-948581fa7150,Dr.,Ana,Jones,"15A Zemlak Ridges",Poblacion,Mangudadatu,"Southern Leyte",Philippines,988-635-611,"+63 (908) 161-5875","Baumbach, Vandervort and Upton",http://powlowski.biz/distinctio-fugiat-et-quidem-aut-nihil-doloribus-sed,"Elementary and Secondary School Administrators",lime,2020-10-20,leora69@pacocha.com,LoF/B%dXGR|;q+^W<e_~
3df2e3c2-6322-340d-ba34-55183f10b8f9,Dr.,Norberto,Weissnat,"72A Eichmann Shore Suite 805",Poblacion,Libmanan,"Lanao del Norte",Philippines,894-804-150,"(0998) 079-2516","Gutkowski Inc",http://orn.com/at-ut-et-quo-unde.html,"Animal Scientist",silver,1997-12-13,johnson.merle@steuber.biz,l+1$W]&6H
bc29b2f0-f3a1-3f77-b37f-377d35061ce1,Prof.,Dessie,Fadel,"41/86 Senger Village",Poblacion,Basilisa,Batanes,Philippines,163-358-411,"+63 (937) 017-3358",Abshire-Windler,https://www.haley.biz/omnis-quia-facere-velit-aut-est,Taper,green,1973-07-03,ppfeffer@kessler.com,"G^k,e_6"
7e56c8aa-095a-3ec7-8d31-1e932a06ab0c,Dr.,Nelle,Harber,"59A Boehm Junctions Apt. 860",Poblacion,Loreto,"Agusan del Sur",Philippines,327-968-052,"(0997) 304-0666","Rosenbaum, Vandervort and Moore",https://www.welch.com/et-aut-esse-illo-odit-inventore-nam,"Letterpress Setters Operator",lime,1977-11-01,jerel.kub@gmail.com,djyhKl7(7|;
c2ba3734-696c-38cc-bd66-ff3429cadc44,Prof.,Enos,Hermann,"32/66 Keeling Trail",Poblacion,Bagac,Biliran,Philippines,704-629-457,"+63 (935) 519-9129",Schimmel-Watsica,http://brown.net/,"Statement Clerk",blue,1973-06-26,walter.tressa@hotmail.com,GYRQ[EEW
c5f6b00d-d13e-343b-90ad-aa50529fa907,Mr.,Rebekah,Schaden,"75A Lowe Prairie Apt. 078",Poblacion,Mankayan,Benguet,Philippines,792-193-398,"+63 (905) 509-2870","Huel, Ullrich and McCullough",http://www.pfannerstill.biz/,Brickmason,silver,1992-03-13,trudie.cummings@hotmail.com,]KSnb<9
21706568-6da0-3360-845e-b0b937ecbbc3,Prof.,Margaretta,Wisoky,"29 Braun Square",Poblacion,"San Pedro",Pampanga,Philippines,896-464-501,"+63 (931) 878-3113","Jast and Sons",http://www.price.com/consequatur-temporibus-qui-iusto-asperiores-ut,"Chemical Engineer",yellow,1989-03-10,ari.lockman@yahoo.com,!^NJASQJpP[e
7da33fff-0eaf-34fe-86cd-98556dcff7c3,Mrs.,Cecile,Bashirian,"43/36 Blanda Via",Poblacion,Tayasan,"Misamis Oriental",Philippines,576-689-663,"(0971) 878-9828","Buckridge, Tromp and Olson",http://www.gulgowski.com/deleniti-similique-eius-blanditiis.html,"Electric Meter Installer",purple,1978-03-26,fgleichner@torp.com,Qho|XP_47
1e2f9fd5-b84c-3962-9959-69476b3bab3a,Mr.,Coleman,Rice,"55A Harber Vista Suite 389",Poblacion,"Santa Cruz",Masbate,Philippines,462-689-424,"(0996) 936-0834","Crist Inc",http://wilderman.com/consectetur-a-aut-quos-adipisci,"Urban Planner",white,1984-05-16,coy52@fahey.com,?*6I;|Bf
9292e743-27d3-3d94-b5c9-bf5ff707326e,Dr.,Isabella,Keeling,"55 Connelly Manors",Poblacion,Calabanga,"Zamboanga del Sur",Philippines,701-816-548,"+63 (925) 655-9615","Walsh Inc",https://www.toy.com/rerum-nihil-quod-rerum-et-quia,Bailiff,fuchsia,1984-11-29,ibeier@grimes.com,"Z1kz""qV"
bef868b5-8826-3cdb-9b18-4c8995ec512b,Mrs.,Joanie,Russel,"62/94 Trantow Loop Apt. 716",Poblacion,Peñaranda,"Davao Oriental",Philippines,743-535-692,"(0931) 520-1426","Goyette Ltd",http://cremin.biz/occaecati-delectus-quidem-soluta-enim-dolores-eveniet-saepe-ex.html,"Marking Clerk",black,1994-12-28,elyse.schinner@hotmail.com,m1_b:8~w`
ccf1ad73-8a5b-390e-9178-970f22ded61d,Miss,Lexi,Toy,"63A/09 Gusikowski Trafficway",Poblacion,Oton,Marinduque,Philippines,136-506-619,"(0949) 212-5198","Moore Ltd",https://www.ruecker.com/nemo-reprehenderit-nulla-architecto-quia-amet-asperiores,"Sketch Artist",gray,1978-02-25,elyse.robel@yahoo.com,>lYU*YSu
98c0306a-9a7a-38ac-a920-892cc3432c2e,Mr.,Kaley,Rogahn,"80 Wilkinson Grove",Poblacion,Ferrol,"Zamboanga del Sur",Philippines,169-006-015,"+63 (947) 420-1120","Ernser PLC",http://schamberger.com/sequi-voluptatum-aspernatur-distinctio-quis-rerum-error-debitis.html,Physician,fuchsia,1972-11-20,peichmann@hotmail.com,&s+k3x
32b39780-d614-3b51-8f88-c1c7e84154dd,Ms.,Rudolph,McLaughlin,"34A Buckridge Park Suite 345",Poblacion,Akbar,"South Cotabato",Philippines,167-968-448,"+63 (974) 175-5076","McKenzie Ltd",http://oreilly.org/,"Surgical Technologist",gray,2004-12-28,wharris@gmail.com,/nnw/-6
d4e97003-8b79-3e08-8ac6-0249e60ee0d2,Ms.,Karolann,Balistreri,"95A McClure Mountain",Poblacion,Antequera,Biliran,Philippines,188-666-866,"(0948) 435-1626","Medhurst, Jakubowski and Corwin",https://skiles.org/quis-suscipit-voluptatem-optio.html,"Electronic Drafter",navy,2015-07-17,lpredovic@daugherty.com,11RvR[ju'1RGA#aI
70ab5c7d-0b07-375a-b8fc-4fae1fac3ed6,Dr.,Nina,Douglas,"68A Harris Stream",Poblacion,Maasim,"Camarines Sur",Philippines,493-732-873,"(0917) 611-3561","Stiedemann, Pacocha and Ziemann",http://www.jast.net/magnam-nesciunt-rerum-sed-expedita-quia-est-aspernatur-tempore,ccc,gray,1994-02-06,kortiz@keeling.com,c}R~L9H0
25a7ffa7-2744-3c3c-9a2d-3eaf92dd71a2,Dr.,Ariane,Berge,"63/32 Kihn Pike Apt. 540",Poblacion,Maragondon,Leyte,Philippines,715-494-108,"+63 (974) 663-3784","Lehner Inc",http://gleason.org/dolorum-alias-est-ab-voluptatem-minima-facere-quo-omnis,"Power Distributors OR Dispatcher",silver,2012-09-16,gerlach.trenton@gmail.com,1k#1-u}m@m]GcZ$}s
6a49d5f4-a171-3ba9-845b-565a29469f4e,Ms.,Meredith,Jacobi,"10 Turcotte Forest Suite 556",Poblacion,Ramon,"Davao del Norte",Philippines,859-666-638,"+63 (949) 695-0691","Bechtelar, Mann and Hirthe",http://medhurst.info/est-repudiandae-alias-nam.html,Geoscientists,purple,1977-07-12,gorczany.dean@kerluke.biz,"s4&#x)""x^GZK\uOuXe}"
619f240d-a723-3573-bbc8-3fe74541205b,Dr.,Viva,Erdman,"85/72 Reilly Harbors",Poblacion,Basco,Sarangani,Philippines,494-330-628,"+63 (942) 443-6602","Mitchell, Hermann and Mraz",http://beer.biz/nihil-officiis-error-libero-quia-delectus-quos,"Child Care",green,1995-07-14,wklein@gmail.com,".D88b}^^i!d""\6)"
d46f0e43-dbd4-305d-a0eb-74ee4d5d937c,Dr.,Nathaniel,Grady,"28/83 Lindgren Parkway",Poblacion,Tinglayan,Sarangani,Philippines,815-095-778,"+63 (999) 485-9145","Howell, Halvorson and Morar",http://www.lehner.com/facere-sequi-asperiores-sed-blanditiis-facere-libero,"Information Systems Manager",gray,1970-08-17,iquitzon@gmail.com,"BP6B9>@wzJm'YYfqXi8"""
2bdfb8e1-f28c-3d85-b6c8-16f3725f73d7,Dr.,Natalie,Stark,"69 Heller Junctions",Poblacion,Pola,"Compostela Valley",Philippines,551-509-457,"+63 (975) 700-6849",Hegmann-Effertz,http://feeney.net/et-minus-voluptatem-quaerat-assumenda-minima-praesentium-neque,"Middle School Teacher",blue,2000-08-20,baumbach.braeden@hotmail.com,RPmOq5u
8e93737d-0545-33cd-97e5-ca109032b052,Mrs.,Margarett,Larkin,"85A Schoen Valleys Apt. 368",Poblacion,Peñarrubia,Maguindanao,Philippines,890-678-766,"(0909) 577-9580","Ankunding, Paucek and Friesen",http://haag.com/quasi-quia-molestias-voluptatem-qui.html,"Railroad Conductors",gray,1985-05-12,cydney94@hotmail.com,*K!?|jyI42<IsYc
7b74d91a-2434-3376-a9b0-e33c929355ac,Prof.,Melba,Predovic,"71 Kerluke River",Poblacion,Limay,Capiz,Philippines,012-112-621,"+63 (930) 512-3823","Dach LLC",https://www.heidenreich.org/est-ut-aut-aut-voluptate,"Mathematical Technician",yellow,1987-09-26,hoppe.antonette@bernier.org,"[>!^RqZrrg8C$1\\"
0a59913c-6ccc-3407-93e0-13c73ea1c607,Dr.,Keara,Rogahn,"34 Lowe Track Apt. 939",Poblacion,"General Emilio Aguinaldo","Negros Oriental",Philippines,427-458-374,"+63 (910) 578-9165","Cummings and Sons",http://www.hammes.net/quis-dolore-cumque-sunt-aut-illo-rerum-ex,"Oil Service Unit Operator",olive,1986-08-16,vbeer@gmail.com,"c`@,M&<(w"
e9125879-58a2-3171-9a8d-4c2bf3f86e48,Mr.,Matilda,Swift,"41/92 Larkin Garden",Poblacion,Roxas,"Agusan del Norte",Philippines,807-659-513,"(0927) 712-8601",Beier-Zboncak,https://www.kemmer.com/molestias-rerum-saepe-et-animi-ad,"Packaging Machine Operator",fuchsia,1971-06-05,jaunita04@gmail.com,(R#ZRU(z
b0735b4d-ce65-3f31-9310-aae167fafac2,Ms.,Verner,Schneider,"24 O'Reilly Brook",Poblacion,"Santo Niño",Sarangani,Philippines,221-351-934,"(0912) 489-6612","Graham, Crooks and Kreiger",http://kuhn.com/,"Nursing Aide",maroon,2005-04-08,melyssa77@hotmail.com,"}WWtAP,U(kS'|e,U5*E"
b7872190-ebee-3eaf-9bbb-7a39da7a10a0,Mrs.,Reina,Ziemann,"20A/52 Muller Path Apt. 979",Poblacion,Bakun,Laguna,Philippines,824-945-156,"+63 (939) 922-1616","Dare, Dicki and Murphy",http://www.lesch.info/commodi-temporibus-sapiente-ex-omnis.html,"Head Nurse",yellow,2001-08-20,leffler.oscar@swift.biz,"hx^P{Y~7\|nby^jy"
df7deca5-2165-37cf-aa4e-34ead195c918,Miss,George,Davis,"82A/87 Russel Via",Poblacion,Allacapan,"Metro Manila",Philippines,299-988-083,"(0989) 972-1918","Buckridge, Wolff and Steuber",http://crist.org/error-et-deleniti-tempore-ad-veritatis,"Gas Processing Plant Operator",teal,1990-01-26,fgottlieb@yahoo.com,[0{+.u@
4da7cb7a-db6d-3376-9608-61693646f6c8,Mrs.,Paul,Hackett,"63 Kemmer Dale",Poblacion,Dinas,Sorsogon,Philippines,558-862-770,"+63 (996) 869-7149","Marvin PLC",http://miller.com/aut-asperiores-quam-voluptatem-architecto-cum-qui-dolorem,"Financial Specialist",purple,2000-09-01,daniel.constantin@yahoo.com,"LU,,S=+a=VWU#Z7:"
4a457297-a76c-39e3-8ded-c8b762b31a58,Ms.,Marge,Greenfelder,"35A/19 Gerlach Flats Apt. 571",Poblacion,Taytay,"Northern Samar",Philippines,194-052-086,"(0908) 038-8277","Abbott, Walter and Kohler",http://powlowski.biz/facilis-ut-minima-quo-quod-saepe-esse-cumque,"Forging Machine Setter",purple,2015-12-26,anthony41@osinski.com,Y5D-cC
d2cf2ac7-077d-3285-b804-3faff7d54741,Mrs.,Carolyne,Schaefer,"54A/20 King Via Suite 293",Poblacion,Pandag,Batanes,Philippines,049-477-385,"(0942) 306-6635","Champlin LLC",http://www.schuppe.com/est-repellat-explicabo-qui-rem-qui-est-libero,"Railroad Switch Operator",lime,2005-06-01,marlon.corwin@hotmail.com,"m""s00@}j+0v"
6813b8de-d65a-37f6-af83-0a4f0b03e691,Miss,Isabella,Wiegand,"61A/78 Osinski Pine Apt. 367",Poblacion,"General Tinio","South Cotabato",Philippines,188-512-350,"+63 (906) 092-2841","Monahan PLC",http://www.pacocha.com/,Typesetter,black,2019-11-10,jason05@monahan.com,c[2w46fR^le=3~G1
c7408bdd-a457-3e65-8809-901e1247b6e3,Miss,Theodore,Marvin,"17 Sipes Stream",Poblacion,Sitangkai,"Davao del Sur",Philippines,578-486-534,"(0813) 422-2103","Abshire PLC",http://mueller.com/et-molestiae-voluptatum-voluptas-quam-voluptates,"User Experience Manager",navy,2003-09-04,casper52@yahoo.com,5J%bQ7xX;3yyT+eiV
bd7a7f4d-2189-3a05-b2df-c5529a3b2cd0,Miss,Cleveland,Stark,"13/11 Ruecker Rue Suite 577",Poblacion,"Santo Domingo",Sarangani,Philippines,980-769-076,"(0948) 721-3906","Orn, McKenzie and Kautzer",http://www.waters.com/eaque-placeat-aut-voluptates-harum-doloribus.html,"Tool and Die Maker",fuchsia,2021-04-12,jeffry.schoen@moen.com,#x6jwxi6xjNqU
a4a3db5c-49fe-3c8f-9c0e-67b9a470bd86,Prof.,Adan,Hegmann,"65/43 Hegmann Heights Suite 417",Poblacion,Subic,Batanes,Philippines,816-395-751,"+63 (971) 501-6478","Rath Group",http://www.klocko.org/earum-delectus-sapiente-doloribus-quam-quisquam.html,"Social Worker",aqua,2020-06-04,miller.ole@hotmail.com,a(*k}<Fv-'{x}2py5
01045edb-ab6c-3c5e-bfff-2e9288a567f4,Mr.,Lorenz,Douglas,"76A Cruickshank Pines",Poblacion,Gigmoto,"Surigao del Sur",Philippines,107-470-273,"+63 (909) 926-6259",Muller-Robel,http://keebler.com/autem-nemo-numquam-nisi,"Procurement Clerk",maroon,1990-06-22,theo.oreilly@hotmail.com,Te&>Ke^5jV9~
5e7ee18a-19e0-33fb-bcac-ff44b97dba17,Miss,Esther,Lemke,"46 Zieme Forks",Poblacion,Carmen,Leyte,Philippines,214-717-732,"(0916) 497-4902","Sanford, Steuber and Hagenes",http://www.hagenes.com/,"Supervisor of Police",navy,1971-04-14,schuster.erick@eichmann.info,"D_j$1(#yU`hY4rPP(,"
a20e5934-341f-3554-9b7a-12c8d010a007,Dr.,Lori,Glover,"10A Kemmer Freeway Suite 846",Poblacion,"La Libertad","Sultan Kudarat",Philippines,788-691-597,"(0922) 731-4410","Barrows Group",https://www.berge.net/veniam-molestias-eligendi-incidunt-necessitatibus-ad-qui-aut-sit,"Parking Enforcement Worker",aqua,2003-03-27,obuckridge@gmail.com,vg>nX{X-6w>W%`
b30859ed-d2b4-3a2f-9914-a5bff205b900,Ms.,Leonie,Murphy,"43 Cartwright Glen",Poblacion,Dasol,"Agusan del Norte",Philippines,808-301-760,"(0936) 851-4584","Schuster, Kub and Hagenes",http://zieme.com/nam-inventore-assumenda-vel-culpa-voluptatum,"Preschool Teacher",green,1974-09-16,nakia64@heller.com,4!lL'u*Q
57576789-98c7-323c-b9cd-7808af3e3b9d,Dr.,Joshuah,Waelchi,"15A/32 Padberg Vista Suite 741",Poblacion,"San Miguel",Benguet,Philippines,293-736-189,"+63 (922) 608-6255","Blick, Mills and Herzog",http://www.nolan.com/est-quia-distinctio-libero-esse-aperiam-mollitia-sit,"Gas Pumping Station Operator",silver,2022-02-18,dante.dooley@wehner.com,u!s*fyE
943c6016-fed8-3bdd-b5bc-1734baf38c28,Prof.,Lester,Windler,"05A Goldner Tunnel Apt. 625",Poblacion,"San Juan",Marinduque,Philippines,182-619-857,"(0980) 829-3786","Larkin LLC",http://www.okon.com/reiciendis-doloribus-eos-eos-ratione-aut-rerum-qui-sapiente.html,"Telecommunications Line Installer",black,1989-09-21,rbartell@wehner.biz,O:'%#WO
1c1ed483-c4a7-3293-af02-9c35b34758aa,Ms.,Darrel,Medhurst,"66 Pacocha Plaza",Poblacion,"Garcia Hernandez",Apayao,Philippines,283-237-470,"+63 (929) 438-1352","Stokes, Nitzsche and Boehm",http://denesik.biz/sunt-omnis-dolores-maiores-aut-accusantium.html,Electrician,green,1986-11-02,reichel.kiera@gibson.biz,"JB+FKA@peE"""
caa667c0-6572-3aed-80a9-99a660a37e3a,Prof.,Shany,Funk,"77 Gibson Crossroad Apt. 907",Poblacion,Madalum,Batanes,Philippines,384-602-818,"(0922) 336-0917",Brown-Windler,http://buckridge.com/qui-non-et-explicabo-repudiandae-molestiae-doloribus-quis.html,"Gaming Dealer",blue,2003-05-06,kennedy.altenwerth@yahoo.com,xbHdMQaEzQ:f9_3
d6fcba81-605f-36cb-b8bb-7396665c6654,Mr.,Kristin,Leffler,"29 Bogan Hill Apt. 991",Poblacion,Gasan,"Camarines Norte",Philippines,992-713-549,"+63 (910) 030-2518",Ortiz-Bogan,http://vandervort.biz/consequatur-et-dolorum-atque-omnis-quia,"Environmental Science Teacher",olive,1994-03-13,kimberly.treutel@gmail.com,f8:7j!G8GjaYlx<5
b6c76c35-5efd-3799-92bf-381fdbcb98ce,Prof.,Caleb,Cremin,"20 Davis Stravenue Suite 946",Poblacion,"San Remigio",Pangasinan,Philippines,064-427-103,"+63 (934) 992-3908",Larkin-Dickinson,http://www.doyle.org/et-aliquid-atque-quas-minus-consequatur-voluptatem,"Order Filler OR Stock Clerk",teal,2005-06-27,vrodriguez@jakubowski.info,(xDsK_>B?Ypz{.4Y
85fea6ac-85d1-3e17-9973-9b3e14c6f183,Prof.,Linwood,Kertzmann,"94A Durgan Summit Suite 747",Poblacion,Pasil,Batangas,Philippines,240-638-940,"(0938) 696-6875","Friesen, Rogahn and Mayer",http://www.legros.net/omnis-dolor-eligendi-accusamus-occaecati-earum,"Metal Pourer and Caster",olive,1997-05-06,bernice.stoltenberg@kris.com,"J""4Xfd`6]u@}hGIH"
43ee070a-9b41-33e5-9b48-bf41a936c12c,Ms.,Anastasia,Batz,"65/30 Casper Meadows Suite 873",Poblacion,Tulunan,Romblon,Philippines,070-757-525,"+63 (918) 703-2378","Grant Inc",http://www.murazik.org/ut-et-maiores-doloremque-et-accusamus,"Fraud Investigator",navy,2021-04-09,witting.kitty@hessel.net,3nd6dab$_#C
831aaf01-7bf4-33a2-8617-c6f07c01b65e,Mrs.,Jovan,Ward,"65 Crona Walks Apt. 367",Poblacion,"Santa Cruz","Oriental Mindoro",Philippines,074-039-363,"+63 (928) 432-5646","Stehr, Kiehn and Gaylord",https://graham.org/et-repellendus-id-sint.html,"Library Worker",black,1978-11-16,claude.marvin@krajcik.biz,rm'1(y
b86c23e1-e8df-3dfc-bfe7-812d078b6d6a,Dr.,Lula,Wolff,"25A Heidenreich Cove",Poblacion,Rodriguez,"Zamboanga Sibugay",Philippines,139-921-457,"+63 (916) 060-6590",Wiegand-Wyman,http://crist.com/,"Registered Nurse",aqua,2013-09-28,trystan.luettgen@hotmail.com,yH<8n5VyK<WaPn[RW
394ea21c-a8f2-3b5f-bacf-5a7676db9d90,Dr.,Skylar,Jerde,"68A Boehm Ways",Poblacion,"Mabalacat City",Catanduanes,Philippines,915-018-078,"+63 (943) 122-4369","Parisian, Gibson and Bosco",http://www.hahn.com/est-atque-nemo-ratione-ut-in-et-consequatur.html,Opticians,green,1974-02-28,cummings.aliyah@hotmail.com,5I){3hd%2/8
0a95799d-a4f4-3e76-ae2d-24a713a42a49,Prof.,Moises,Kuvalis,"80 Eichmann Island",Poblacion,Nagtipunan,"Northern Samar",Philippines,026-781-910,"+63 (910) 647-3718","Marvin Inc",http://www.luettgen.net/ab-sunt-esse-necessitatibus-quis-officiis-impedit-officiis,"Freight and Material Mover",fuchsia,1971-01-02,xrunolfsson@hotmail.com,"+yu\Wey3Z#&q"
bffdbff9-0066-3a81-a362-21e35bc7e267,Dr.,Amos,Jerde,"87A/80 Hirthe Square Suite 470",Poblacion,Galimuyod,Laguna,Philippines,888-765-386,"(0910) 155-5664",Marvin-Schultz,http://www.beahan.com/nemo-rerum-odio-numquam-perferendis-pariatur.html,"Tractor-Trailer Truck Driver",teal,2015-10-05,libby49@yahoo.com,#rL]2xZ?1Phfnl-$uE5t
4aa67f6f-1959-3b5f-9c60-41ba3c1f887f,Dr.,Maeve,Muller,"40/41 Schamberger Station Suite 655",Poblacion,Cabagan,Sorsogon,Philippines,055-092-602,"(0998) 666-1260",Mitchell-Nicolas,http://medhurst.com/eligendi-sapiente-quasi-repellat-eligendi-ut-reiciendis-deleniti.html,"Hoist and Winch Operator",gray,2015-02-14,karina12@mcglynn.com,E}LhIy^
dad25891-7c03-3256-8868-84656849ace9,Dr.,Branson,Champlin,"33/12 Toy Crest Suite 238",Poblacion,Padada,"Camarines Sur",Philippines,537-975-431,"(0935) 673-8229","Heaney, Rice and Mertz",http://steuber.org/blanditiis-dolor-in-quia,"Transportation Equipment Painters",olive,2009-01-02,litzy66@yahoo.com,Aep![$GO&
a729abfb-0961-3ee4-839f-4260579347c5,Dr.,Claude,Lesch,"49A Orn Villages",Poblacion,Moncada,"Ilocos Norte",Philippines,268-159-270,"(0946) 972-7001","Wolf, McKenzie and Herman",https://www.williamson.org/ex-consequatur-nihil-porro-voluptatem-suscipit-ea-et-sed,Mathematician,maroon,1992-11-08,dayton47@hotmail.com,HZH9P^r)#
5b15c142-8369-30db-a162-fc3922e0afe0,Ms.,Rashad,Feest,"03A Hirthe Forks Apt. 973",Poblacion,Diffun,Masbate,Philippines,854-382-586,"+63 (974) 825-6800",Cummings-Schimmel,http://berge.org/,"Electrical Sales Representative",silver,1976-11-03,leffler.paris@yahoo.com,"s7""_e:FkY_=fei>8d"
69705ea0-a63c-3c67-8985-768c5b0e5733,Ms.,Dejon,Kshlerin,"38 Prosacco Path Suite 517",Poblacion,Duero,Catanduanes,Philippines,924-759-173,"+63 (947) 675-5847","Denesik Group",https://heaney.net/rem-voluptas-laborum-voluptate-iure-voluptas-nihil-distinctio.html,"Steel Worker",green,1977-12-05,dolores.lockman@feil.org,"<Z(fTxF)q""3t~Yyo"
cbd75a17-f889-3945-af59-efcd66e71971,Miss,Jamal,Abshire,"95 Kunde Locks Apt. 262",Poblacion,Gumaca,"Zamboanga del Norte",Philippines,631-812-643,"+63 (813) 895-2186","Cartwright, Hansen and Jaskolski",https://weber.net/non-quae-dolorem-facilis-atque-quis-maxime.html,"Screen Printing Machine Operator",yellow,2005-11-03,russel.ryleigh@flatley.com,6r~V-W9
fd55afca-7869-3504-b0e4-9e635db27208,Dr.,Waylon,Gulgowski,"10/88 Emmerich Port",Poblacion,Gattaran,Sulu,Philippines,717-056-359,"+63 (999) 611-3068","Hirthe, Reichel and Watsica",http://www.carroll.com/,"Board Of Directors",yellow,2016-10-11,mandy10@stiedemann.net,"'Xf!1ibiLbD>^>zj'\@"
4c9a7830-e021-362e-846c-001ebe8aba04,Ms.,Deborah,Pacocha,"44/88 Conroy Lights Apt. 043",Poblacion,"Benito Soliven","Lanao del Norte",Philippines,288-066-519,"+63 (929) 864-0421",Koss-Volkman,https://www.hane.biz/magnam-distinctio-iure-ullam-possimus,Interviewer,gray,1987-10-02,darren03@hotmail.com,"dE5b\czX2D"
03249649-dcbf-3cf5-b6cc-d7af99d6ecc2,Ms.,Frederique,Senger,"85/57 Blick Islands Apt. 326",Poblacion,Ternate,"Misamis Occidental",Philippines,030-642-348,"(0977) 438-7077","Abshire PLC",http://www.gerhold.com/quas-libero-consequatur-hic-est-autem-beatae.html,Shampooer,gray,1998-02-11,javonte03@yahoo.com,@oW4-A}q1WHqMBf
e3a12015-cfb6-39b1-8de5-06c18ea2774d,Prof.,Koby,Nader,"72/17 Barrows Streets",Poblacion,"Tangub City",Ifugao,Philippines,615-991-797,"(0940) 291-7716",Bosco-Denesik,https://www.oconnell.com/ducimus-quia-libero-rerum-ipsa-est-eligendi,Optometrist,gray,1982-08-29,feeney.wilton@yahoo.com,%MXv~iU*8siYIdW
454d8fe8-40c8-300f-a612-c40e9696e713,Mrs.,Phyllis,Wolf,"71A/60 Leuschke Lakes",Poblacion,Lapinig,"Ilocos Norte",Philippines,735-544-099,"+63 (906) 393-4163","Brakus Group",http://www.pagac.com/dolorum-quia-excepturi-voluptas-totam.html,Assembler,lime,2013-11-18,bprice@gmail.com,"\Jm!,D)$htoO@7iD"
252cc4dd-a5c7-3aa2-afd1-0d7435f93500,Dr.,Hailee,Wilderman,"78/40 Romaguera Forks Suite 540",Poblacion,Allen,Capiz,Philippines,188-587-536,"+63 (813) 459-9793",Rempel-Kozey,https://pfannerstill.net/sit-quis-est-dolorem-dolore-sequi.html,"Brokerage Clerk",purple,1970-03-06,hal74@yahoo.com,!%=uW)IqKW=Yrn*sv
314a085f-feac-3435-aa35-9acfc7ef97eb,Prof.,Shanna,Doyle,"98 Friesen Crossing Suite 827",Poblacion,"Old Panamao",Sulu,Philippines,100-273-061,"(0949) 218-8272","Fisher, Cormier and Gaylord",http://swaniawski.com/ut-esse-et-sint-consequatur-quod-perferendis-sit-blanditiis,"Cutting Machine Operator",purple,2014-07-07,myrtie37@price.biz,CaJX@iwQyP
f7e90c20-2c07-3012-b870-93297547f8e5,Prof.,Bo,Parisian,"54/55 Hartmann Gardens Suite 497",Poblacion,Plaridel,"Camarines Norte",Philippines,317-357-293,"+63 (933) 138-8735","Kshlerin, VonRueden and Beahan",http://roberts.com/qui-aut-sed-iure-rerum-qui-magni-et,"Agricultural Product Grader Sorter",fuchsia,2007-07-11,farrell.zane@gmail.com,]}t2$vnI
c3ae3aad-2f2d-3099-bf01-e03598c94f3b,Ms.,Evalyn,Walsh,"60/78 Miller Canyon",Poblacion,Sison,"Lanao del Sur",Philippines,115-293-958,"+63 (927) 876-4694","Bode Group",http://www.kautzer.com/,"Forestry Conservation Science Teacher",fuchsia,2000-05-31,gadams@gmail.com,`L[@{1KI9
94fc31a2-29df-3038-ac77-7e8498dd09a7,Prof.,Conrad,Kuvalis,"24/97 Pouros Trafficway Suite 966",Poblacion,Solsona,"Mountain Province",Philippines,512-134-431,"(0927) 218-6100",Stehr-Leuschke,http://grady.biz/ad-excepturi-nisi-ipsa-quidem,Cashier,gray,2005-07-11,bayer.jacinto@labadie.com,V7;+Y:!Kk73
380740c7-1fe7-32e4-9ac6-a97d273f45b0,Prof.,Cullen,Lueilwitz,"36 Kiehn Estate Apt. 803",Poblacion,Vinzons,Sarangani,Philippines,307-170-592,"(0973) 241-7441","Murray Ltd",http://skiles.net/officia-maiores-odit-odit-minus,"Municipal Fire Fighter",aqua,1973-08-15,newell.konopelski@gmail.com,yn};~G
0d6fbabe-5a30-3b19-b213-22f67f0ff931,Mr.,Kory,O'Conner,"84A Prosacco Mount",Poblacion,Tagoloan,Guimaras,Philippines,905-708-898,"+63 (936) 456-8200","Wolff and Sons",http://www.koss.net/,"Pest Control Worker",gray,2007-05-23,hester24@rosenbaum.net,f4_]f+X+X*{o
ea91b2ec-a3b9-39ce-9855-f44d01d3a74f,Dr.,Allan,Rogahn,"16/51 Schmitt Terrace Apt. 140",Poblacion,Pantabangan,Cotabato,Philippines,465-003-769,"+63 (915) 437-0574",Kassulke-Ziemann,http://deckow.com/accusantium-qui-laboriosam-cumque-eum-nam-ratione,"Stone Sawyer",navy,2009-04-03,francis.gerlach@hotmail.com,c3S;T5%_(4jXk^0
576a04c4-1de2-35ca-bb8e-01334e1a2104,Prof.,Archibald,Hagenes,"19A Rau Brooks",Poblacion,Palauig,Siquijor,Philippines,818-490-285,"(0978) 108-9252","Witting and Sons",https://www.mitchell.com/omnis-perferendis-voluptatibus-qui-iste-repellendus-et,"Railroad Inspector",blue,2012-08-04,flavio22@gmail.com,zLmGK9JPS+M+h#-QY$&o
21d88dfd-7eb6-37f0-adbe-9e3becbafe72,Mr.,Juliana,Buckridge,"79A Kertzmann Haven Apt. 537",Poblacion,Magdiwang,Maguindanao,Philippines,809-241-567,"+63 (939) 732-2952","Fadel, DuBuque and Kuvalis",http://www.parker.org/eos-placeat-architecto-dolor.html,"Electro-Mechanical Technician",green,2009-02-09,crooks.kiera@bernhard.com,r$[7^=Io3``U
873b4bf9-1296-37c7-90ea-104077abfc36,Dr.,Jedediah,Lesch,"70/59 Johnson Mews",Poblacion,Tudela,Bataan,Philippines,372-750-263,"+63 (947) 694-9280","Rogahn, Champlin and Lebsack",http://www.morar.info/omnis-consectetur-nesciunt-culpa-ut-dolor-quam.html,"Excavating Machine Operator",green,2016-04-23,fhermiston@yahoo.com,"2CdJbHJHQk4Y,E*-N]"
7184c141-62f3-38eb-9b89-9c412d1cab82,Ms.,Ruby,Feeney,"55/74 Stroman Common Apt. 687",Poblacion,Casiguran,"Lanao del Sur",Philippines,934-398-414,"(0974) 861-5972","Ryan, Kub and Homenick",http://www.thiel.org/non-molestiae-aut-enim-consequuntur-asperiores-commodi,"Boiler Operator",silver,2007-04-30,bartholome.glover@leannon.org,"NleKb,;QuL+4[}"
d12093ff-5322-367f-a758-22f3c5dff0d9,Miss,Matilda,Rippin,"30A Klocko Mall Apt. 579",Poblacion,Balaoan,Tawi-Tawi,Philippines,889-009-788,"(0977) 933-7093","Bradtke Group",http://kihn.com/,"Grinding Machine Operator",black,2000-10-15,elaina.witting@yahoo.com,"vVFE11,9YQ~Uw>vVn_7e"
912d3776-1189-3037-b37e-102f198e63bf,Miss,Marcellus,Kerluke,"53/81 Schneider Court Suite 594",Poblacion,Alcantara,Rizal,Philippines,781-330-836,"+63 (922) 699-7908","McClure, Becker and Rogahn",http://www.langosh.com/voluptatem-iusto-odio-qui-occaecati-necessitatibus-consequatur-aliquid.html,"Medical Sales Representative",gray,1992-10-16,garrett58@spinka.org,"'wJz%,v,i2$|q78"
0598cf80-5f76-3214-914a-b6e60fc1c9d3,Mrs.,Miracle,Daugherty,"46A Cartwright Pass Apt. 768",Poblacion,Dinagat,Isabela,Philippines,250-868-011,"(0915) 481-7100",Lowe-Buckridge,http://www.morissette.info/neque-ab-ea-voluptas.html,"Infantry Officer",black,1999-01-09,schaden.valentina@dooley.com,0IwE;1
69781457-900a-397e-b543-3e5cc4348cee,Ms.,Beryl,Christiansen,"24 Hegmann Squares Suite 261",Poblacion,"Cavite City","Agusan del Norte",Philippines,592-223-102,"+63 (971) 261-7340",VonRueden-Braun,http://stanton.com/qui-debitis-quaerat-voluptates-et,"Jewelry Model OR Mold Makers",teal,1976-04-11,deonte37@lynch.com,yx(J@)qP3o[&50g
94171759-b80d-3dba-9677-70625a7ba7bd,Dr.,Mikel,Lang,"35A Hoeger Throughway Suite 607",Poblacion,Siaton,"Agusan del Norte",Philippines,360-138-558,"(0937) 850-4751","Hand PLC",http://quitzon.com/iste-officia-voluptates-quasi-consequatur-dolorum-eius,"Event Planner",fuchsia,1982-07-15,vickie66@stokes.com,S@'4b5X<~~4
4c70cc5c-07e7-302c-ad48-7bd864ac921b,Prof.,Carol,Cummerata,"81A/35 Kozey Locks Suite 118",Poblacion,Tubungan,"La Union",Philippines,602-737-859,"+63 (940) 037-9199","Gleichner Ltd",http://www.hermiston.org/architecto-vel-qui-harum,"Tree Trimmer",black,1986-08-23,dylan01@weber.com,"rNbM_'d\^X/r;L^"
83a5c5eb-1174-3b5d-8bee-eff72b9cc2e7,Dr.,Nicholaus,Boyle,"92 Brakus Plains Suite 947",Poblacion,"Borongan City",Pangasinan,Philippines,863-706-636,"(0939) 523-9651","Kirlin, Keeling and Fritsch",http://www.muller.biz/fuga-sapiente-aut-autem-voluptate,"Transportation Inspector",white,1976-05-04,collier.benjamin@mueller.com,"Lj$],3w(S>3}{$~\3ON]"
9e240468-6ff6-3ade-b7dd-a62de2795f30,Dr.,Erin,Padberg,"24A Schaden Heights Suite 259",Poblacion,"Biñan City","Sultan Kudarat",Philippines,418-789-655,"(0919) 833-2193","Collier, Streich and Sauer",http://www.gerlach.com/laboriosam-occaecati-voluptatem-minima-mollitia,"Nuclear Medicine Technologist",yellow,1979-09-05,huel.kiana@gleason.com,71w3Tix=gEfv5O.~m~
926fd368-bcee-3011-95bc-26e8cd494fba,Miss,Carmela,Koch,"80 Bergnaum Crossing Suite 260",Poblacion,"Dupax del Sur",Guimaras,Philippines,215-370-240,"+63 (923) 428-7910","Quitzon Inc",http://www.harris.biz/sint-quo-est-facilis-reiciendis-iure-numquam-ut-dignissimos.html,"Program Director",yellow,2018-05-18,weimann.kathryne@koelpin.com,/>0XyLLKyY
e8568f34-4a96-334f-b59f-32f91eca48ab,Ms.,Andreanne,Schoen,"13 Glover Rue",Poblacion,"Palayan City",Albay,Philippines,826-259-247,"+63 (971) 604-4228","Lang, Boyle and Reynolds",http://www.gleichner.com/,"Motor Vehicle Operator",lime,1993-03-12,marlen.hoeger@jast.com,saN;w=[jXs[{-$xS%_
b917bfb2-c536-3422-ba1c-172b84d61588,Dr.,Hollie,O'Reilly,"10A/00 Bosco Plain",Poblacion,"San Isidro","Lanao del Sur",Philippines,747-270-768,"(0946) 554-7264","Bartoletti, Kunze and Cole",http://www.mckenzie.info/rem-necessitatibus-debitis-aut-explicabo,"Private Detective and Investigator",teal,1998-02-26,powlowski.darius@marks.com,~|ye%#C9iQIwp
6a7eceb4-b2e6-39f5-9e26-4fb7439caf32,Mr.,Kira,Keebler,"96/37 Stracke Mountains Suite 828",Poblacion,"San Rafael","South Cotabato",Philippines,244-632-456,"+63 (994) 924-9536","Dibbert LLC",https://lockman.com/minima-voluptatem-mollitia-cumque-impedit-perferendis-culpa-adipisci.html,Musician,black,1971-12-11,emmanuel10@mann.com,"-@""fOA'h*)MO"
b295a13f-681f-3753-804d-27ee1048c729,Dr.,Colin,Marks,"84A Lindgren Light",Poblacion,Dolores,Laguna,Philippines,250-327-758,"+63 (917) 027-5792",Casper-Zieme,http://robel.com/ab-et-nostrum-maiores-amet-quia-blanditiis-et,"Counseling Psychologist",gray,1990-04-29,paucek.norval@yahoo.com,ya(hDbR-0+C(
16514061-0760-312d-a861-7ab44d490e90,Ms.,Veronica,Stanton,"20A Grimes Locks",Poblacion,"Datu Saudi-Ampatuan",Sulu,Philippines,775-725-720,"(0817) 148-7813","Ortiz, Von and Frami",http://www.marquardt.info/exercitationem-quam-natus-itaque-sapiente,"Insurance Policy Processing Clerk",teal,2015-07-16,camden.stark@howe.info,"rfI4xJBV0,w-+QN"
0858b18b-c061-3361-b454-8d9b8fe0a936,Prof.,Hester,Leannon,"86A/26 Hegmann Brooks",Poblacion,Tabango,Basilan,Philippines,753-222-070,"+63 (910) 917-5065","Koelpin, Bauch and Kohler",https://www.rolfson.com/laborum-molestias-perferendis-voluptatem-beatae-atque-veritatis,"Weapons Specialists",aqua,2013-09-27,alejandrin13@hotmail.com,uSeA3vn
c97877e0-44f4-329d-8bc7-1f3197da415a,Prof.,Natalie,Huel,"26/20 O'Conner View",Poblacion,"Santa Cruz",Catanduanes,Philippines,363-650-599,"+63 (918) 853-9875","Ziemann, Kub and Johnson",http://www.gaylord.com/nemo-dolor-adipisci-et-ullam,"Food Scientists and Technologist",silver,1997-05-14,jsatterfield@hotmail.com,7XP8/m
71cc0e3b-4760-35a1-8239-e04d6810c5df,Ms.,Eldon,Terry,"72 Wintheiser Squares Suite 812",Poblacion,"President Roxas","Northern Samar",Philippines,316-992-417,"(0935) 162-6487",Predovic-Bosco,https://hudson.biz/beatae-autem-quis-quis-repellat.html,"Infantry Officer",black,2016-04-03,marley.tromp@hills.org,"b|fS-5E)4,Nq-"
07c9f746-4849-3403-9962-75fae10471aa,Mr.,Travis,O'Kon,"23 Purdy Creek",Poblacion,"San Jacinto",Quezon,Philippines,202-346-945,"(0980) 872-5516","Beatty, Nolan and Price",http://waelchi.com/ex-ipsam-et-inventore-earum-quo-at,"Armored Assault Vehicle Officer",navy,2015-05-29,bridgette24@mclaughlin.com,S5DnAAGOdq;i2YFFJF
dc9f614b-0c83-37ce-83bf-2885cef5198d,Prof.,Alta,Borer,"70/60 Crooks Corner Suite 699",Poblacion,Maramag,Aklan,Philippines,258-937-269,"+63 (971) 824-4203",Swift-Fadel,https://www.carter.biz/fugit-sint-sequi-ratione-totam-doloribus-eligendi,Chef,blue,1988-04-20,laverne32@muller.com,_*KqxM
27bc29ee-8ec0-3fdb-953a-86beb00644f1,Dr.,Myrtice,Larson,"24/68 Rath Ford Apt. 442",Poblacion,"San Jorge",Ifugao,Philippines,766-808-058,"(0971) 901-0340","Romaguera, Yundt and Hyatt",http://moen.com/ab-laborum-a-qui-eligendi-unde-ut-sequi-est,Gauger,teal,1987-07-16,dorian.treutel@hotmail.com,"4Dq!(qv>OS,}\Lg"
9e7f0caa-24b9-34bc-9d53-a4b0a6eb26b3,Prof.,Braxton,Pacocha,"47/95 Stiedemann Tunnel",Poblacion,"Maasin City","Camarines Sur",Philippines,635-060-718,"+63 (927) 151-5216","Lakin, Olson and Kshlerin",http://schowalter.com/,Chef,maroon,1996-06-01,caleb15@boehm.info,1QDu=A?Vh:pm7&@r{]W(
9fa40e43-866a-3fbf-983e-067674d89891,Dr.,Raquel,Block,"71A/46 Kovacek Summit",Poblacion,Pamplona,Laguna,Philippines,624-212-268,"(0999) 099-1841","Rohan Inc",https://hintz.info/nulla-cum-iusto-minus-omnis-omnis-qui-debitis.html,"Sketch Artist",lime,1978-04-12,charity64@terry.org,}6';KBkKLCL+oLpIa
b9c925bd-57c3-3143-a106-1ef9f4775fb0,Ms.,Norene,Bogan,"25A Hand Pines Apt. 603",Poblacion,"Braulio E. Dujali","Misamis Occidental",Philippines,363-919-634,"(0996) 463-8715","Mayer Group",https://dibbert.biz/aut-eum-necessitatibus-vel-accusantium-aut.html,"Conveyor Operator",silver,2008-10-19,muriel.ullrich@mohr.com,v8{Jz$m
b752f433-1291-3071-8c8c-8ecab0aac13e,Dr.,Yasmin,Wehner,"81 Zboncak Ports",Poblacion,"Tacloban City",Maguindanao,Philippines,774-652-558,"+63 (974) 962-4905","Wuckert, Deckow and Lowe",https://www.heidenreich.com/maxime-cumque-cumque-culpa-iusto-itaque,Statistician,white,1984-12-26,jan.konopelski@hotmail.com,"\r\@.@k`q""uw(,lH"
56c2e99d-381e-329f-8a7a-40e86f89d47c,Mr.,Luella,Keeling,"59A Schuppe Shores Suite 591",Poblacion,Quinapondan,"Davao del Norte",Philippines,915-939-779,"(0934) 170-7902","Bogan Inc",http://hermann.net/in-et-aut-odit-omnis-harum,"Electronic Masking System Operator",yellow,2018-03-13,stiedemann.brandi@ebert.com,"xZDZas9>~frQ}([-,!"
f80129b9-3849-35d0-95a5-ea492382358f,Dr.,Lilly,Schmidt,"22/16 Goldner Prairie",Poblacion,Duero,Maguindanao,Philippines,768-297-374,"+63 (937) 332-0548",Kshlerin-Spencer,http://www.jast.com/ut-maiores-aut-molestiae-repellendus-dolores-autem-ea-praesentium,"Environmental Science Teacher",yellow,2016-02-17,kennith.daniel@murphy.biz,s8N]>)I>Ea]22c9sqyZ]
64596885-8683-3b93-b0c4-333295c4ce59,Mr.,Meggie,Hayes,"75A Barton Meadow Apt. 268",Poblacion,Ganassi,Apayao,Philippines,737-912-979,"+63 (932) 091-9635","Christiansen, Hand and Fay",http://collier.biz/voluptate-voluptatem-ex-quas-ut-aut-quidem-qui,"Management Analyst",green,2013-03-24,vrussel@prosacco.com,"yT>Ojj""5lXIkGL%a"
36b82927-990b-303e-b024-85feecfa3819,Mrs.,Mack,White,"82/39 Watsica Glen Apt. 740",Poblacion,"Datu Anggal Midtimbang",Zambales,Philippines,405-368-748,"+63 (999) 235-8846","O'Conner, Smitham and Hartmann",http://www.mitchell.info/magnam-dolorem-et-doloribus-ut-voluptatem,"General Farmworker",green,1980-07-21,kertzmann.leila@fahey.net,"z$iMz}Y""$v}i\?bd!?B"
bb889a52-1aa3-3c7a-9763-d2755c8c85d1,Ms.,Billy,O'Kon,"08A Smith Burgs Apt. 155",Poblacion,"Santa Cruz",Palawan,Philippines,087-059-623,"(0926) 490-2895","Denesik, Kuphal and Kunde",http://rosenbaum.net/,"Private Sector Executive",aqua,1997-09-25,frunolfsson@romaguera.com,lInC+)3bksz(
dcde309c-c4fc-3e66-ba6c-24d108ddf7a3,Miss,Beth,Hoppe,"98 Turner Stravenue Apt. 436",Poblacion,Gubat,Bukidnon,Philippines,213-227-044,"+63 (936) 860-3493","Breitenberg, Pagac and Toy",http://www.wisozk.com/,"Chemical Equipment Controller",purple,1989-01-03,ptromp@gmail.com,4PHyxVWD
7cc44e67-79d4-39b9-9ba6-81a6b9441e1e,Ms.,Sierra,Kassulke,"96/61 Lesch Prairie Apt. 466",Poblacion,Luisiana,Aurora,Philippines,998-481-586,"(0907) 934-1442","Thompson LLC",http://www.reichel.net/provident-non-aliquid-animi.html,Auditor,olive,2013-03-09,jefferey16@yahoo.com,"m\(0i6g"
5688d048-5d4a-3e77-b337-0201c4b58fa7,Mr.,Charlotte,Spinka,"94 Pacocha Mountain",Poblacion,Almagro,Romblon,Philippines,122-659-404,"(0906) 063-4920","Greenholt and Sons",http://trantow.net/et-deserunt-nobis-voluptatem-quisquam-et-earum-ut.html,"Furnace Operator",blue,1982-01-26,tabitha11@gmail.com,"^""^X@H&V8:P<>kpLkC,i"
d48f7bef-a8fc-32b0-a58a-b2b91f0a2fd7,Miss,Ernestine,Wintheiser,"32A/42 Eichmann Station",Poblacion,"Tagoloan II","Negros Oriental",Philippines,502-258-526,"+63 (927) 563-3257",Russel-Runte,http://www.heidenreich.com/autem-excepturi-quos-fugit-ab-dolorem-enim.html,"Commercial Diver",fuchsia,2011-01-11,mayert.lydia@funk.org,|dpBs&Ag|D@q
c422db5a-9a86-382f-b6c2-f1b86b48e9c2,Prof.,Carol,McGlynn,"41/32 Steuber Way",Poblacion,Mobo,Sorsogon,Philippines,075-658-950,"(0978) 583-8123","O'Connell, Beier and Howell",http://www.stamm.org/,"Set and Exhibit Designer",fuchsia,1977-09-22,coconnell@hotmail.com,"RO\7AiyMxP}]Tg;d"
a81648d1-d280-36a4-8bf9-3996963f485f,Mrs.,Patience,Treutel,"89A Krajcik Spring",Poblacion,Balindong,"Southern Leyte",Philippines,066-682-898,"+63 (974) 616-7365","Aufderhar Group",http://waters.com/asperiores-occaecati-beatae-qui-dolorem-aut-accusantium-et,"Surgical Technologist",black,2001-11-09,omills@purdy.com,>'f3@6|XI:dZ
453a96fa-a2ef-3853-a6cf-3feb4927d920,Prof.,Yasmine,Ankunding,"23A Schulist Circle",Poblacion,Pozzorubio,Isabela,Philippines,549-250-256,"(0911) 073-7954","Nitzsche, Bode and Schumm",http://hartmann.com/consequatur-cupiditate-et-non-inventore-ipsam-consequuntur-in,"Radar Technician",green,1986-04-14,ncronin@brakus.com,{72d{olKfU!1$K$d+f!U
6ae45569-ccfc-35b0-aa4a-69ed665dd715,Prof.,Ambrose,Klein,"15A Harris Lane",Poblacion,Lugus,"Metro Manila",Philippines,970-470-686,"(0930) 165-5711","Balistreri, Stanton and Steuber",http://gulgowski.com/perferendis-qui-et-et-porro-omnis.html,"Home Entertainment Equipment Installer",fuchsia,2008-02-22,tony31@haley.com,"%YqFULxq3\xuafp"
5d20edb0-656c-3d1a-ae26-8032cfb6beeb,Prof.,Forest,Dietrich,"96 Herzog Manors Suite 437",Poblacion,Naga,Laguna,Philippines,580-547-137,"(0944) 181-6970","Mayer, Herman and Grady",http://www.gaylord.com/quia-qui-aspernatur-ab-sunt-quos-non-voluptatum.html,"Manufactured Building Installer",aqua,1990-12-23,candice.bauch@torp.com,rnXgEYl2
637ab956-0510-3aa8-81e3-6b53ce8ad738,Miss,Solon,Littel,"46/22 Wehner Flat Suite 743",Poblacion,Banisilan,Aurora,Philippines,829-976-039,"+63 (944) 375-1213","Hintz PLC",http://ullrich.com/id-sit-occaecati-quo.html,"Industrial Safety Engineer",white,1977-04-06,hessel.lucile@upton.biz,~z;JBZ/rj=
0b366212-e729-3792-aec7-bffc89b4c5cb,Mr.,Aletha,Witting,"48A Boehm Gateway Suite 341",Poblacion,Bubong,Apayao,Philippines,407-489-831,"+63 (813) 917-9517","Towne, Williamson and Erdman",http://www.swaniawski.com/,Architect,maroon,1994-04-10,wdicki@schoen.com,"*T.f;PQ70H~nM~,/:oU"""
7230937e-4922-32bf-994d-0f0da96daa92,Prof.,Brown,Williamson,"53A Wilderman Terrace",Poblacion,Carles,Sorsogon,Philippines,234-385-001,"+63 (817) 243-8349","Armstrong, Friesen and Lind",http://wintheiser.com/et-est-nihil-magnam-quo-vel,Therapist,olive,2003-02-01,guiseppe.okuneva@heller.com,Ry?.N`10Cb@.[S~{jR^
5c4b041b-5a1a-333e-a92b-97a275b164d4,Dr.,Marcellus,Morar,"82A/11 Satterfield Branch Apt. 859",Poblacion,Apalit,Bulacan,Philippines,450-230-241,"+63 (938) 766-8544","Treutel PLC",http://www.lockman.biz/beatae-laborum-exercitationem-voluptate-delectus-ad-qui,"Art Teacher",gray,1971-12-13,mccullough.frankie@yahoo.com,ZlwllRiF{Bp|L>(I%s
5f6288a9-e23b-3676-b715-39210f4b4240,Mr.,Eugenia,Kessler,"48 Jacobs Parkways",Poblacion,"San Isidro",Aurora,Philippines,954-878-562,"(0927) 233-3482",Dooley-Kilback,http://www.littel.com/,"Excavating Machine Operator",lime,2015-08-04,tkulas@hill.com,!t8(A6rR
3b4ae7de-f48c-3a3d-a97a-7ba3278bf2bb,Mr.,Earnest,McCullough,"83A Kemmer Hills",Poblacion,Castillejos,"Zamboanga Sibugay",Philippines,499-758-577,"+63 (996) 645-3810",Rogahn-Blick,http://www.hoppe.org/praesentium-unde-fugit-et-accusamus-optio-voluptas.html,"Petroleum Engineer",lime,1984-10-09,qoreilly@homenick.com,=ak?!?C
704bed97-ced8-3d6c-9628-3f8dcbe3e989,Prof.,Oral,Langworth,"63 Feeney Lane Suite 650",Poblacion,Mulondo,Cebu,Philippines,463-460-157,"(0928) 642-8850",Bradtke-Koelpin,http://lebsack.com/sed-similique-commodi-quis-consequatur-in-voluptatem,"Occupational Health Safety Specialist",fuchsia,1999-01-01,max.schimmel@hane.com,{d4+1+C#
ee2238d7-c08b-31a0-b92f-fd45e1deb8c9,Miss,Breanna,Kemmer,"54A/84 Kunze Light",Poblacion,"Vigan City","Northern Samar",Philippines,573-377-832,"+63 (917) 855-4280","Schiller Group",https://www.jakubowski.com/consequuntur-maiores-quis-ullam-ipsum,"Production Laborer",lime,2023-06-17,schuster.nickolas@gmail.com,wS>z95W;
98748556-6cb2-31ae-a6f8-7163ce701cb5,Dr.,Eloisa,Thompson,"74A White Points",Poblacion,Motiong,Bukidnon,Philippines,263-692-434,"+63 (916) 880-9488",Bartell-Renner,http://www.wilkinson.info/assumenda-a-qui-quam-enim,"Telephone Station Installer and Repairer",purple,1976-09-06,toy30@gmail.com,LDJ).QMJ}[fd7%QAc^
f304c92a-52a4-3e05-8028-90c70ea25c57,Dr.,Percival,Leannon,"53/73 Leannon Dam",Poblacion,Mamasapano,Pampanga,Philippines,307-475-355,"(0971) 716-8094",Labadie-Mann,https://weissnat.info/temporibus-similique-necessitatibus-labore-cumque-sed-quisquam-expedita.html,"Supervisor Fire Fighting Worker",white,1971-07-07,kfeest@muller.org,zxE&&M6&'ZGhZ
43f4659e-af70-3da2-823d-2321b258abfb,Dr.,Gerda,Orn,"68/23 Halvorson Center",Poblacion,"Nueva Valencia","Zamboanga del Norte",Philippines,105-997-794,"+63 (920) 920-7692",Bins-Carroll,http://lowe.com/esse-facilis-quasi-alias-consequuntur-reprehenderit-voluptatem,Healthcare,aqua,1998-04-16,msatterfield@yahoo.com,pu90jvBOf
c6d09cf2-7650-355d-90ae-ae6cc1651811,Ms.,Dena,Corkery,"91A Keebler Extensions Apt. 567",Poblacion,Roxas,"Misamis Occidental",Philippines,419-420-888,"+63 (931) 061-8130","Schowalter Ltd",https://www.tillman.org/sit-eum-magni-nihil-fugit,"Tank Car",maroon,2011-01-23,jbalistreri@frami.com,K0U4^V
4cb4f833-0f86-3fb4-9d59-a3731c77a374,Dr.,Etha,Borer,"17A/58 Champlin Corners Suite 619",Poblacion,"San Francisco",Zambales,Philippines,612-594-663,"+63 (932) 583-8757",Cummings-Rippin,http://grady.com/,"Printing Machine Operator",lime,1984-07-06,zboncak.dustin@gmail.com,"S^(\u(YPOjF:V?-DW"
fe96501c-dd38-306c-b742-775807c849f9,Mr.,Mya,Strosin,"84A/74 Beatty Pine Suite 456",Poblacion,Josefina,"Southern Leyte",Philippines,413-424-544,"+63 (948) 075-7666",Tremblay-Sauer,http://koch.org/architecto-quasi-aut-reprehenderit.html,"Bindery Worker",green,2005-07-28,lennie54@sauer.biz,a4r:*%!@['!f+
a55776e7-1b2b-35b6-adc6-52bf5d948c88,Mr.,Hazle,Kassulke,"76A/78 Witting Mills",Poblacion,Batuan,Samar,Philippines,280-385-394,"+63 (922) 045-0647",Bruen-Smitham,http://heathcote.com/facilis-voluptatum-similique-ut-quo-delectus-culpa-nobis-dolores.html,"Computer Science Teacher",teal,2004-06-23,magnolia81@yahoo.com,9v>(Y$j:n
1eb7f139-44a9-3692-84ef-712f6bdf6ee1,Miss,Agnes,Hill,"06A Doyle Mountain Suite 849",Poblacion,"Talisay City",Marinduque,Philippines,834-170-517,"(0911) 206-6707",Torp-Dare,http://kovacek.com/,"Highway Patrol Pilot",teal,1970-02-20,damore.amalia@hotmail.com,"9LJr861l3k""AZdIJ"
3bb8d935-6c2a-3ce5-98b4-1c6a476aa699,Dr.,Adelle,Collier,"99A Nicolas Route",Poblacion,"Malaybalay City","Negros Occidental",Philippines,782-455-987,"+63 (928) 546-5583","Watsica Group",http://hyatt.com/vel-vel-aliquid-architecto.html,"Distribution Manager",aqua,1972-10-13,collier.camila@yahoo.com,"{1]>RLz\Q/IO<"
9d71c158-bc5a-3dcf-b816-f6fbe5469d23,Prof.,Kyra,Reilly,"83A/32 Schmitt Turnpike Suite 346",Poblacion,Iguig,Laguna,Philippines,848-043-805,"+63 (936) 540-1195","Reinger Group",http://mckenzie.com/,"Educational Counselor OR Vocationall Counselor",blue,2020-09-14,gina.gorczany@gmail.com,"=vuQ@iA@:!w<s\8cp"
c0a84ce1-2767-3066-bd7d-84225f608b29,Prof.,Gudrun,Yost,"64A/48 Luettgen Track",Poblacion,"San Vicente",Maguindanao,Philippines,711-878-610,"(0925) 782-9379","Brekke Inc",https://wiza.com/beatae-qui-ut-est-totam-magni.html,"Architecture Teacher",purple,2020-11-15,eldon01@rogahn.com,+OY(AAH.dxW0ey!up
adc606a1-63bd-3c7c-a261-ca158de326ba,Prof.,Tate,Jakubowski,"55/44 Spencer Glen Apt. 479",Poblacion,"Naga City",Pampanga,Philippines,860-132-017,"(0908) 735-1909","Cummings, Macejkovic and Gleichner",http://crist.org/veritatis-quas-est-voluptatem-adipisci,"Clinical Psychologist",navy,1979-08-25,ferry.kristin@hotmail.com,y)TJz*ajCA>Jb)b8CG
0a6b9416-cb73-30e8-a9a6-d4a19c941d0d,Mr.,Braden,Tremblay,"71A Hagenes Route",Poblacion,"Lopez Jaena",Aurora,Philippines,624-011-273,"(0905) 277-3362","Halvorson, Legros and Bechtelar",https://miller.com/distinctio-facilis-consectetur-doloribus-aliquid-quidem-autem.html,"Precision Dyer",silver,2009-11-05,dwight95@hotmail.com,D]*ksnEw2|&{B!r
e402316f-9f42-3c13-8ff6-468cb3cdf28c,Mr.,Felipa,Moen,"80 Stark Rapid",Poblacion,Mulondo,Benguet,Philippines,040-446-817,"(0908) 666-4648","O'Kon and Sons",https://romaguera.com/vitae-culpa-sit-voluptatem-illo-dolores-voluptatibus-veritatis.html,"Fabric Pressers",black,2018-04-19,sally.botsford@boyle.com,"5U:v'3]oeWTyKKD6t)d,"
b7f903cc-99d5-3fdb-8ba5-3f88f7de4f17,Mrs.,Andreane,Romaguera,"23A/60 Lehner Drive Apt. 815",Poblacion,Nabunturan,Biliran,Philippines,074-573-823,"(0911) 376-7152",Grant-Murray,https://streich.com/suscipit-libero-possimus-blanditiis-odit.html,"Wholesale Buyer",purple,1982-04-21,terry.garnett@bartell.net,Ug`Q;2zS$LG%
7a85b0b7-aa68-328f-8d94-c1e959381a47,Dr.,Davion,Stoltenberg,"57/56 Mitchell Green Apt. 265",Poblacion,Calatrava,Basilan,Philippines,843-385-904,"(0907) 403-7964","Hirthe, Torp and Ferry",http://murphy.com/,"Artillery Crew Member",aqua,2020-01-06,terry.alayna@gmail.com,Gc6.#1B
dd5a3be1-5c0a-3ee0-bad6-a287bc213eee,Mr.,Desmond,Corkery,"31A Leuschke Parkways",Poblacion,Tungawan,Sarangani,Philippines,249-431-234,"(0935) 406-6218","Keeling, Corkery and Klocko",http://emard.biz/,Rigger,teal,2021-03-26,luettgen.uriah@yahoo.com,XoO;Ia7w`:07K)
290119ef-dd09-3f18-918b-80482377b193,Mrs.,Lori,Harvey,"83 Buckridge Curve",Poblacion,Licab,Bukidnon,Philippines,004-630-299,"(0949) 202-4561",Torphy-Upton,http://marquardt.com/qui-a-ut-molestiae-illum-magnam-debitis.html,Musician,blue,1982-12-09,farrell.janelle@corkery.org,"H}R)NH|\z""\aK:%#<!"
319b89aa-18b4-3020-b74d-35ec846d92b0,Dr.,Laurianne,Lehner,"63A Littel Trail Apt. 143",Poblacion,"Prieto Diaz",Biliran,Philippines,084-137-273,"+63 (938) 161-0084",Von-Runolfsdottir,http://www.lesch.biz/dolores-a-sit-dolores-et-esse-nihil,"Streetcar Operator",lime,1988-07-08,ygrady@hotmail.com,[AcMF.OId!
ec063c0a-2a8e-3d74-9dce-c451b35e73a3,Prof.,Preston,Bosco,"18A Langworth Ramp",Poblacion,Alburquerque,"Surigao del Norte",Philippines,909-606-957,"(0929) 537-7993","Jacobs, Langosh and Paucek",http://stiedemann.com/impedit-reprehenderit-quos-velit-est,Historian,fuchsia,1979-02-19,chadrick50@gmail.com,S5^PJu.Ls|>Tp?Xe#=
44fedb84-06dc-3a3d-99d7-182b6aa4a7ef,Miss,Wilma,Wyman,"37A/95 Hagenes Pines Apt. 116",Poblacion,Baliuag,"Eastern Samar",Philippines,832-532-964,"+63 (944) 866-1465","Bode and Sons",http://www.ankunding.org/vel-adipisci-totam-est-ullam.html,"Psychiatric Technician",white,2005-10-26,carroll.jayda@gmail.com,ds2t|?3!~W:$n0);='u
20e65971-fc7b-3044-9361-464d236741f7,Mr.,Violette,Cruickshank,"16/76 Lehner Courts Suite 671",Poblacion,"San Jacinto",Sorsogon,Philippines,792-295-455,"+63 (942) 993-0852","Reinger, Kemmer and Ebert",http://rodriguez.com/fugiat-harum-ut-sequi-qui-molestiae-aut-non.html,"Carpenter Assembler and Repairer",gray,1986-11-02,hgrady@gmail.com,zv]Z6V{>vD%P9w6
b216a811-c902-3187-a280-ef4f748cd6f3,Mr.,Danielle,Legros,"90/47 Aufderhar Parks",Poblacion,Licuan-Baay,"Oriental Mindoro",Philippines,800-363-242,"(0947) 521-4823",Herzog-Moen,http://www.okuneva.biz/qui-eos-et-voluptatum-voluptate-iste,"Welding Machine Operator",silver,2011-03-16,erna.stamm@hotmail.com,8CCobLOsa
422427b7-658b-3035-bc59-1c0a399cfd71,Dr.,Kennith,Koch,"88 Witting Union",Poblacion,Hermosa,"Surigao del Sur",Philippines,908-164-948,"+63 (916) 193-7434","Wunsch, Block and Bartoletti",http://towne.org/ab-nulla-soluta-dolorem-quia-aut-qui,"Structural Iron and Steel Worker",green,2013-06-25,jesus.bartoletti@willms.com,!x3:r|r{C@A]Lgl$78WK
13d1f1a4-83fd-354b-a784-2c2a4eacd2ef,Mr.,Weston,Braun,"51/66 Davis Tunnel Suite 462",Poblacion,Arakan,Batanes,Philippines,594-204-557,"+63 (978) 825-3845",Jacobs-Weber,http://www.upton.com/delectus-sit-voluptas-eum-sit-ullam-aut-pariatur,"Aircraft Body Repairer",blue,2010-07-16,mariana67@hegmann.com,~KQW[})tCNT]5e
56d62d10-b0cc-3bbd-b03c-d3fe176ab534,Prof.,Aniyah,Collins,"42 Kirlin Mountains Apt. 124",Poblacion,"Cabadbaran City",Kalinga,Philippines,941-355-075,"(0916) 526-9896","Jones, Williamson and Little",http://www.oconnell.com/dolores-in-praesentium-explicabo-magni-sit-tempora-aperiam,"Electrical and Electronics Drafter",yellow,2013-04-01,dgoodwin@yahoo.com,`=*~xgKWfS
d088c510-cfe0-33f5-8bcc-0d1126347921,Prof.,Kaela,Kirlin,"76A/12 Prohaska Dale",Poblacion,Kalayaan,"South Cotabato",Philippines,887-193-384,"(0975) 918-5454","Casper LLC",http://reinger.net/hic-odio-voluptatum-ut-et,"Talent Director",lime,2011-04-22,fletcher40@farrell.com,'uK^N%>2zotUD;Qb`XiT
c09e056c-6a21-3790-b398-b7095c2c4427,Miss,Kyle,Nader,"52A/73 Kling Harbor",Poblacion,M'lang,Romblon,Philippines,047-018-346,"+63 (934) 258-9293","Mills and Sons",https://hamill.com/non-ipsum-quia-asperiores-unde-mollitia.html,"Slot Key Person",blue,2002-08-07,aryanna38@nicolas.com,"RTD0t\"
919ad291-0fdb-3fa5-bbaf-23e42ef65b78,Prof.,Jaiden,Friesen,"52A/89 Veum Village Suite 046",Poblacion,"Northern Kabuntalan",Batangas,Philippines,360-160-862,"(0973) 297-7248","Wisoky Inc",http://heaney.net/est-deserunt-ut-autem-ut-et-molestiae-temporibus,Electrician,silver,2017-09-16,brant.koss@hartmann.com,b</!(i
6f30b09c-4394-3216-b6fa-6d08d53d9d71,Prof.,Hillard,Baumbach,"42/37 Thiel Pines Suite 737",Poblacion,Marihatag,"Lanao del Norte",Philippines,931-606-259,"(0929) 368-9949","Anderson, Hane and Morissette",http://www.stiedemann.biz/accusamus-mollitia-consequatur-laborum.html,"Chemical Technician",maroon,2006-01-24,yboyle@macejkovic.com,63t>&o9>US$0G
b6ff4cdd-fa65-3778-80e9-60d42c202787,Ms.,Taurean,Casper,"03A/59 Morissette Mountain Suite 426",Poblacion,Tamparan,Leyte,Philippines,966-024-929,"(0916) 690-3034","Bins, O'Keefe and Marvin",http://www.hoppe.net/,Paperhanger,fuchsia,1999-08-06,dewitt.pfannerstill@sawayn.info,"^z\|.0r"
78b4ce86-021e-3ab9-8763-992967b33449,Miss,Hazle,Flatley,"96/72 Witting Via Suite 774",Poblacion,Tingloy,"Ilocos Sur",Philippines,955-203-397,"(0940) 602-7870","Vandervort, Brown and Nikolaus",http://medhurst.com/saepe-omnis-tenetur-nesciunt-qui.html,"Nuclear Medicine Technologist",lime,2016-01-22,hand.heidi@homenick.net,Qot-7*Y/|^mupq7/!a)
4a5d5273-2b53-396f-be55-a01731502d4c,Prof.,Keira,Zemlak,"94A Donnelly Path",Poblacion,Aglipay,Capiz,Philippines,734-050-140,"(0980) 382-4094","Jenkins LLC",http://kohler.com/velit-rerum-hic-quaerat-unde-accusantium,"Occupational Therapist Aide",navy,2010-03-27,monahan.jodie@olson.net,%%kyC:9{kO$WRa6L5|p
7cc7bc89-7a69-39bb-9477-f1ca529e0706,Mr.,Emanuel,Block,"48 Ullrich Creek Apt. 465",Poblacion,Medina,Guimaras,Philippines,959-081-631,"+63 (905) 893-2487","Schoen LLC",https://macejkovic.biz/voluptates-fugiat-fugiat-ea-voluptatem-nemo-nisi-praesentium-non.html,"Mathematical Technician",blue,1970-07-31,kyundt@hotmail.com,%Fs+3->_BC}MVUpEK]X
e1bf6dfd-6b00-3878-9c75-12a2367b3eb6,Prof.,Urban,Goodwin,"31A Rath Fall Suite 325",Poblacion,Naic,"Dinagat Islands",Philippines,294-432-630,"(0926) 948-3470",Bechtelar-Harvey,http://www.hettinger.org/qui-eos-quasi-perspiciatis-beatae-consequatur-molestiae-nostrum,"Manager of Food Preparation",lime,1989-01-18,fritsch.citlalli@yahoo.com,%gIP4[
22a14c5f-abb1-3d72-978b-a25420a9b95d,Prof.,Halie,Kozey,"21A Barrows Forks",Poblacion,Aloran,Laguna,Philippines,958-079-083,"+63 (910) 992-8049","Lakin and Sons",http://www.barrows.info/tenetur-eligendi-illum-qui-at-quis-amet,Geologist,fuchsia,1977-04-28,janessa40@oreilly.com,N&htf]Z|2w
2b5540b1-f4a5-33e0-802b-6a145f5c3201,Dr.,Jeanette,Pollich,"60 Keeling Inlet Apt. 545",Poblacion,Nabas,Laguna,Philippines,907-313-993,"(0998) 633-5935","Koepp Group",http://www.hartmann.com/veniam-repudiandae-saepe-accusantium,"Recreation Worker",purple,2011-01-04,mylene.gutmann@gerlach.info,AW6ZES<u
6b6f4931-3bf5-395f-9948-ffc6f88d3985,Dr.,Kaela,Bartell,"96 Bashirian Isle",Poblacion,Pasuquin,Pampanga,Philippines,223-624-169,"+63 (900) 928-2529","Schinner Inc",http://blick.com/,"Railroad Conductors",purple,2001-11-13,tkuvalis@denesik.com,"[2pQH)3dm`\"
0c48c43e-f2cf-3118-8f64-7cf0c1076b9b,Miss,Tomas,Smith,"29A/13 Turner Burgs Apt. 623",Poblacion,Lagonoy,"Negros Oriental",Philippines,991-180-644,"(0977) 631-0776",Jacobi-Weber,http://vonrueden.com/consequatur-eum-excepturi-rerum-dolorum-id-sint.html,"Buffing and Polishing Operator",white,2012-12-12,fvonrueden@yahoo.com,"IZt*#N7;\xhB[21!Z"
df47dbbc-9b71-34c6-b6b2-d45a6ede03f4,Mr.,Ricky,Ruecker,"11A Volkman Dale Apt. 995",Poblacion,Sibonga,"La Union",Philippines,558-123-718,"+63 (946) 684-4832","Gerhold, Price and Stokes",http://carroll.net/,"Online Marketing Analyst",gray,1977-11-24,teagan83@yahoo.com,eIe*Vmnr
2b69f76e-c319-3d08-9c89-5fac92f4d3d9,Dr.,Jabari,Waelchi,"33 O'Hara Summit Apt. 546",Poblacion,Catarman,"Misamis Occidental",Philippines,205-957-676,"+63 (994) 712-3961",Grady-Medhurst,http://www.lesch.info/,"Motorboat Mechanic",purple,2008-01-22,manuela81@lubowitz.com,Mg=nx17@0F0
d19b2034-e32d-3cee-81d0-dbf0a45d519b,Mr.,Lazaro,Murray,"63A/27 Rodriguez Ridges",Poblacion,Rodriguez,Marinduque,Philippines,481-937-878,"(0980) 425-9384","Dickens, Yundt and Morar",http://rippin.org/et-rerum-voluptatem-dolores-et-quod-debitis-nisi,Detective,navy,2019-10-27,freddy.miller@lubowitz.com,dMUEYAN/Por(x&j=
92d4b8fe-597e-3c7f-82c2-fcd0c1aff263,Prof.,Hailie,Kirlin,"13A Kozey Pass Apt. 779",Poblacion,"Santa Elena","Nueva Ecija",Philippines,504-166-949,"+63 (997) 878-0044","Kreiger, Grimes and Sipes",http://price.com/,"License Clerk",green,1975-10-31,ohara.erica@hotmail.com,"jWJ<Q,v{?AvxH>7Ax55b"
5fe7d0da-e044-36dd-b885-aceda07d9576,Miss,Rosalee,Maggio,"37/96 Kiehn Ports",Poblacion,Badoc,"Compostela Valley",Philippines,410-378-482,"(0944) 997-9032","Nicolas, Hauck and Goyette",http://franecki.net/laboriosam-illum-quam-dolorem-ut-tempore-omnis.html,"Human Resources Manager",gray,1982-05-26,clement.oconnell@bergnaum.net,$5Lgh/ho
472dfd47-8a08-36f9-a843-2aed736cf128,Mr.,Eva,VonRueden,"30/73 Kassulke Circle",Poblacion,Aborlan,Ifugao,Philippines,486-388-603,"+63 (997) 868-7637",Kuhn-Kiehn,http://www.johnston.org/omnis-blanditiis-odit-odit-et-quis,"Desktop Publisher",fuchsia,1997-08-02,colby09@hotmail.com,"xOtp\&vPDQ"
a70d3696-6b82-3c16-b052-d1f62b19261c,Dr.,Merle,Stamm,"40/87 Harber Points",Poblacion,Culaba,"Davao del Norte",Philippines,164-292-688,"+63 (938) 311-4311","Windler, Lakin and Koelpin",http://www.schmeler.com/est-officia-reprehenderit-et-aut,"Refrigeration Mechanic",green,2002-01-29,rosamond87@prosacco.info,"2h*w^UD\<\i-"
0ff89c95-81d9-3e1c-9f0a-ffcbe8949db9,Mr.,Emelia,Anderson,"23 Stokes Walks",Poblacion,Sinacaban,Sulu,Philippines,406-177-955,"(0939) 859-1193",Goodwin-Wiza,http://www.kohler.biz/deleniti-qui-enim-repellendus-velit-est-reiciendis-optio,"Driver-Sales Worker",black,1979-08-12,bglover@yahoo.com,"6!z#l$L\EI{~WwF"
692206fa-557f-3262-a5b5-ae86b440427a,Prof.,Hector,Zemlak,"24/88 Buckridge Skyway Suite 578",Poblacion,Gainza,Bohol,Philippines,065-267-973,"(0977) 949-6763","McGlynn Inc",https://prosacco.com/odio-ipsa-velit-voluptatem-possimus-eum.html,Paralegal,aqua,1993-12-18,wroob@gmail.com,"s.J,WAAD^;#w$>*(}"
f18f6572-137e-3991-a92a-1e5824fd6886,Dr.,Norris,Wintheiser,"85A/65 Little Locks Apt. 694",Poblacion,Zamboanguita,Sarangani,Philippines,752-921-338,"(0908) 974-7043","Senger, Hoppe and Maggio",http://lubowitz.com/labore-rem-iusto-eos-sint-quasi,"Real Estate Broker",aqua,2010-07-12,lubowitz.ellen@jones.com,"ii\d?+>ix&Sj"
fd678cc1-bbb0-36d1-af17-a7862697b1e9,Prof.,Stanley,Wehner,"22A West Knolls",Poblacion,"San Emilio",Antique,Philippines,905-424-249,"+63 (920) 294-1530",Witting-Stiedemann,http://www.treutel.info/,"Mine Cutting Machine Operator",gray,1981-06-24,hirthe.kay@gmail.com,"Z""_d""<+TY&fvM8("
4a68f392-893d-318d-815c-fd7107e0df5d,Dr.,Emile,Kuphal,"26 Windler Village",Poblacion,Dimiao,Quezon,Philippines,616-525-844,"+63 (921) 074-8253","Marks, Rogahn and Lebsack",http://www.schimmel.com/atque-assumenda-nobis-eveniet-est-esse-ipsam,"Industrial Engineering Technician",aqua,1989-10-23,ejenkins@gmail.com,.nxTgk
622c33f2-8b9a-38a3-a0af-9ae397da449a,Dr.,Kris,Nolan,"24 Toy Crest",Poblacion,Magsaysay,"Agusan del Norte",Philippines,204-592-638,"(0917) 025-9166","Graham Ltd",https://gerlach.info/sit-aut-quia-sequi-veniam-asperiores.html,"Production Helper",white,1991-08-31,wyman.dock@hotmail.com,`$ICiS':x9$.CYPUd
cb5c018e-6b62-35b0-ada3-f61feabea1e2,Prof.,Jabari,Towne,"91A Kreiger Club Apt. 026",Poblacion,Tabogon,"Nueva Vizcaya",Philippines,838-421-679,"+63 (905) 630-6944","Blick, Konopelski and Russel",http://fisher.com/,"Animal Husbandry Worker",teal,1994-04-17,ookon@keeling.com,"EDz-(/S""Uv-Q{}cBda"
7fcb0453-0425-347e-b29d-b997a5a7a6ad,Dr.,Jakayla,Steuber,"56A Raynor Trail Suite 430",Poblacion,"Zamboanga City",Cotabato,Philippines,871-421-346,"(0936) 012-5406","O'Kon LLC",https://www.stark.com/ducimus-pariatur-dolorem-nulla-libero-minus-modi,"Personal Service Worker",teal,1996-06-20,madge37@zieme.biz,"3/mv#@]mzky}r,V=Kn-"
09e7b2fc-555f-381d-8d6b-907fad973132,Mr.,Jayme,Abbott,"29A Reinger Burgs Apt. 203",Poblacion,Gandara,"Northern Samar",Philippines,165-675-103,"(0917) 566-6830","Abbott LLC",https://www.schmidt.biz/est-quia-sit-consequatur-et-fugiat-temporibus-aut,"Employment Interviewer",olive,2010-09-01,quigley.garnett@hotmail.com,"6(pQmC,~^K2q"
2649a893-51d9-39fe-99a6-44927c96f32f,Dr.,Garland,Klein,"28/19 Hagenes Causeway",Poblacion,Maguing,"Negros Oriental",Philippines,718-207-245,"+63 (926) 397-1385","Schaden Inc",http://yost.org/quis-saepe-occaecati-eligendi-velit-iusto-quidem-alias.html,"Real Estate Sales Agent",lime,2004-09-23,zfeest@ebert.com,"b,|d2dy"
e1b9f383-6fbf-34f5-8651-1b6421e90590,Ms.,Bernita,Halvorson,"18A Stark Knolls Suite 207",Poblacion,Quirino,"Sultan Kudarat",Philippines,093-019-991,"+63 (911) 726-2270","Feil PLC",http://www.stokes.com/,"Medical Appliance Technician",purple,1999-03-27,jonathan.christiansen@hotmail.com,(*u4Z`LIBl/jr]
00753dc6-a34a-3ffe-9eb3-701b28a62d4e,Dr.,Enos,Schuster,"42A Douglas Fort Apt. 920",Poblacion,Nabas,Batangas,Philippines,804-073-466,"+63 (978) 567-4991","Koss and Sons",https://www.dickinson.com/rerum-quas-assumenda-quia-et-veniam-cumque-fuga-vel,"Food Preparation Worker",teal,1981-06-28,wstreich@powlowski.net,"|T\1Cn"
88561c17-c7b6-33cf-86f3-b7b7d5592b90,Prof.,Ivory,Crona,"98 Prosacco Neck",Poblacion,"Balanga City","Davao del Sur",Philippines,868-956-298,"+63 (989) 123-6827","Herzog Inc",http://www.friesen.info/expedita-quia-porro-neque-omnis-voluptatum,"Refinery Operator",navy,2016-01-19,shaina.steuber@braun.biz,"Vp|?Vb"".KUv.)I2f0,tS"
99e7f49f-1a63-31ea-a6ba-c46398e5797a,Mrs.,Bridget,Schulist,"42A/45 Pouros Dale Apt. 175",Poblacion,Kalibo,Bohol,Philippines,749-662-482,"+63 (933) 097-9271",Beer-Okuneva,http://block.com/tempora-magnam-voluptas-aliquam-laboriosam-et-magnam.html,"Office Machine Operator",lime,2009-06-15,glen62@gmail.com,Dd9eU~CINHA
01d24fe1-0ac3-3421-9690-964a62f24f0e,Dr.,Johan,Terry,"53/91 Green Hills",Poblacion,"Pio Duran",Aurora,Philippines,217-068-774,"+63 (939) 397-9428","Moore, Mraz and Bechtelar",https://will.com/ipsa-reiciendis-est-et-magnam-voluptate-libero-et-a.html,"Boiler Operator",teal,1998-06-30,pollich.mavis@hotmail.com,XEQxs|2N~KNsx@
fa44b927-a00e-3c2c-9701-54213f19f6e9,Dr.,King,Goodwin,"70A/58 Sanford Curve",Poblacion,Bacolod,"Oriental Mindoro",Philippines,173-809-663,"+63 (916) 304-3061","Monahan, McDermott and Graham",http://www.farrell.com/aut-deleniti-voluptatibus-reprehenderit-soluta-nulla-earum,"Telecommunications Line Installer",black,2013-12-16,pollich.jennyfer@yahoo.com,"s]T""\I5i5+JkIp0pzE#"
ffa3adcb-f78a-3e34-9d1c-d9eca0423fb7,Prof.,Emilio,Ebert,"11 Bartoletti Prairie Suite 290",Poblacion,Sibutu,"Nueva Ecija",Philippines,659-750-932,"+63 (910) 479-3737",O'Hara-Morar,https://www.gutmann.info/eos-qui-ex-temporibus-harum,"Agricultural Equipment Operator",black,2008-10-30,samanta83@yahoo.com,QJy@9JEL2M2T+K8-pTM*
793cb367-fb91-3396-b7ee-39fe372a085a,Prof.,Loyal,Simonis,"66/85 Feeney Curve Suite 005",Poblacion,Muntinlupa,"Nueva Vizcaya",Philippines,589-631-018,"+63 (912) 906-7871","Towne, Block and Goldner",https://harber.biz/dolorem-aspernatur-dignissimos-vel-qui-animi-est-modi.html,Audiologist,white,1996-09-17,edgar65@yahoo.com,"T59H""|JU~M+N"
867ce30e-75ae-3eb5-89a3-3dab1eda8a1a,Prof.,Cassandre,Powlowski,"66A/56 Botsford Rapid Suite 302",Poblacion,"Santa Cruz","Mountain Province",Philippines,920-758-322,"+63 (925) 890-7168","Mueller, Wintheiser and Schuppe",http://nitzsche.com/ullam-quaerat-at-voluptatem-id-animi.html,"Deburring Machine Operator",silver,2010-03-07,lou66@witting.net,yyZe(mcA(Apz<_+sj}]
7efa2199-12c4-3009-857c-f69322d53703,Dr.,Paxton,Glover,"01A/67 Jakubowski Wells Apt. 573",Poblacion,Binuangan,"Nueva Vizcaya",Philippines,591-058-437,"+63 (918) 570-2475","Emmerich and Sons",https://www.hauck.com/pariatur-eveniet-vitae-sit-quis-esse-nemo-officia-eligendi,Trainer,black,2023-07-24,ckris@ullrich.info,(T%.ACI0Hq()#}pha]7
caf63c42-5cd7-3759-8ca7-51f6fd861f71,Prof.,Lisette,Gerhold,"52A/46 Farrell Tunnel",Poblacion,"Santa Maria",Albay,Philippines,166-665-545,"(0931) 488-4521","Roob Group",http://watsica.biz/ut-debitis-quo-impedit-cupiditate,"Tax Examiner",blue,2017-06-23,fermin.beer@hotmail.com,BC=)#y%Bkrm(cD
eb24293c-1b1a-3fa7-853f-7cbe1366a11b,Miss,Erica,Greenfelder,"62 Gorczany Trail Apt. 245",Poblacion,Pangutaran,Tawi-Tawi,Philippines,682-630-527,"(0996) 839-6744","Hane, Johns and O'Hara",http://gusikowski.com/est-ab-minima-non-nihil-et-est,"Government Service Executive",lime,2018-02-23,helen.adams@hotmail.com,"0MV76.]HAa\64vRW"
311bb404-d1ff-3d3d-bc8e-02d466473881,Miss,Oran,Mills,"93 Graham Spring Suite 335",Poblacion,Mangudadatu,Guimaras,Philippines,667-264-943,"+63 (948) 450-0344","Lakin and Sons",http://www.kutch.info/recusandae-voluptatum-earum-dignissimos-aliquid,University,lime,2015-06-06,orn.deonte@gmail.com,w>>dSjH
0880ba28-8f7b-3da7-b4a8-8c594214c1b5,Dr.,Shawna,Moen,"73A Ebert Cove Suite 885",Poblacion,"Don Carlos",Sarangani,Philippines,633-509-591,"+63 (929) 098-8525","Tromp, Cummerata and Armstrong",http://www.howe.com/voluptate-asperiores-explicabo-ut-odio-omnis-perspiciatis-nam,"Fiberglass Laminator and Fabricator",silver,2008-08-29,jefferey.schinner@gmail.com,"H.@>P,S<%$|';wu:"
60283a6f-dd2f-30d2-9a6e-a5fb87c631a7,Prof.,Lacy,Farrell,"20/28 Schmidt Isle",Poblacion,Mangudadatu,Catanduanes,Philippines,910-601-704,"(0932) 984-5485",McDermott-Kub,http://medhurst.com/,Carver,blue,2019-10-09,gblock@miller.biz,"A1lM\fyPXi"
ff88e425-27a2-34f9-9358-b2c06ebcec48,Prof.,Lindsey,Weissnat,"00A Nicolas Inlet Apt. 441",Poblacion,Sadanga,Laguna,Philippines,552-628-463,"(0947) 431-6143",Barton-Mraz,http://www.fritsch.com/ipsam-nam-optio-quae-aspernatur-numquam-reprehenderit,University,black,1979-03-31,dominic.grady@schulist.com,vQX^md6^[?
ec2c19a4-b87e-3b5c-a49b-cf4940dd071a,Prof.,Makenna,Wehner,"41A/90 Gleason Ways",Poblacion,"Passi City","Davao Oriental",Philippines,665-718-160,"+63 (937) 237-8720","Purdy, Balistreri and McDermott",http://www.leuschke.com/et-et-error-quia-suscipit-corporis-placeat-magnam-ea.html,"Furnace Operator",white,1996-05-08,remington92@cremin.com,Fk5}{F$zqUcqAZ
ae34ccda-32b8-3135-91bf-27d9fee9841e,Prof.,Alicia,Ratke,"05A Abshire Rapid Suite 751",Poblacion,"San Fernando",Cagayan,Philippines,228-304-209,"+63 (927) 433-1983","O'Reilly, Wunsch and Dare",http://www.grimes.com/maiores-sed-iste-a-ex.html,"Retail Sales person",black,2004-04-26,padberg.tyra@gmail.com,+ofs]j]/-L
07fae998-5898-3224-823f-526c5ef1a9a1,Mrs.,Patricia,Hickle,"95/96 Schmitt Haven Apt. 194",Poblacion,Isabela,Marinduque,Philippines,150-924-874,"+63 (817) 449-5171",Turcotte-Wuckert,https://kreiger.com/id-nemo-aut-rerum-eos-voluptatum.html,"Directory Assistance Operator",teal,2006-07-05,valentine20@hotmail.com,Gw:.#{EHG!(=LA3&L=
52c2eb28-d32d-30b3-9af8-2897f341b60a,Prof.,Margarett,Kertzmann,"36 Eichmann Mountain",Poblacion,Polomolok,Pampanga,Philippines,721-112-008,"(0921) 832-3705","Beier LLC",https://www.stoltenberg.com/sint-pariatur-suscipit-qui,"Keyboard Instrument Repairer and Tuner",olive,2024-05-13,mohammed19@gmail.com,K:lc4a9[?>(QY
